player,shots,goals,total_xg,g_minus_xg,xg_per_shot
Aaron Mooy,3,0,0.11155984013358043,-0.11155984013358043,0.037186613377860146
Aaron Ramsey,8,1,1.188604734672367,-0.18860473467236694,0.14857559183404587
Abdalla Mahmoud El Said Bekhit,2,0,0.10153545363195418,-0.10153545363195418,0.05076772681597709
Abdelhamid Sabiri,2,0,0.07161142003443624,-0.07161142003443624,0.03580571001721812
Abdelkarim Hassan Al Haj Fadlalla,6,0,0.3005047635330069,-0.3005047635330069,0.050084127255501154
Abderrazak Hamdallah,2,0,0.6530103961428428,-0.6530103961428428,0.3265051980714214
Abdessamad Ezzalzouli,1,0,0.058595102736888886,-0.058595102736888886,0.058595102736888886
Abdou Diallo,1,0,0.03374555140829858,-0.03374555140829858,0.03374555140829858
Abdulaziz Hatem Mohammed Abdullah,1,0,0.02424650491748185,-0.02424650491748185,0.02424650491748185
Abdulelah Al Amri,1,0,0.07527550379521415,-0.07527550379521415,0.07527550379521415
Abdulelah Saad Hameed Al-Malki,2,0,0.10268592126810386,-0.10268592126810386,0.05134296063405193
Abdullah Ibrahim Otayf,2,0,0.1280926182904117,-0.1280926182904117,0.06404630914520586
Abdulrahman Al-Obood,1,0,0.05578612318626155,-0.05578612318626155,0.05578612318626155
Abdülkerim Bardakcı,2,0,0.25430884295211603,-0.25430884295211603,0.12715442147605802
Achraf Dari,1,1,0.447028237568076,0.5529717624319239,0.447028237568076
Achraf Hakimi Mouh,4,0,0.11700273634277084,-0.11700273634277084,0.02925068408569271
Adam Buksa,3,1,0.1233720862449441,0.8766279137550559,0.0411240287483147
Adam Gnezda Čerin,4,0,0.3161395787288121,-0.3161395787288121,0.07903489468220302
Adam Hložek,5,0,0.5696383401064823,-0.5696383401064823,0.11392766802129646
Adem Ljajić,1,0,0.029409792201617293,-0.029409792201617293,0.029409792201617293
Admir Mehmedi,2,0,0.09921334678142402,-0.09921334678142402,0.04960667339071201
Adnan Januzaj,3,1,0.14595887945676905,0.854041120543231,0.048652959818923015
Adrien Rabiot,15,1,1.2341708724689644,-0.2341708724689644,0.08227805816459763
Adrien Sebastian Perruchet Silva,2,0,0.08593341042940124,-0.08593341042940124,0.04296670521470062
Ahmad Nourollahi,5,0,0.08683868318319903,-0.08683868318319903,0.017367736636639805
Ahmed Fathy Abdel Meneim Ibrahim,1,0,0.029392408422217336,-0.029392408422217336,0.029392408422217336
Ahmed Musa,4,2,0.8838189897945253,1.1161810102054748,0.22095474744863133
Ajdin Hrustic,1,0,0.019264575267506166,-0.019264575267506166,0.019264575267506166
Akram Hassan Afif,2,0,0.05383974289650677,-0.05383974289650677,0.026919871448253384
Alan Dzagoev,1,0,0.08815579639859195,-0.08815579639859195,0.08815579639859195
Alberto Junior Rodríguez Valdelomar,2,0,0.034537925256101276,-0.034537925256101276,0.017268962628050638
Albin Ekdal,5,0,0.49285979680867764,-0.49285979680867764,0.09857195936173553
Alejandro Balde Martínez,1,0,0.055535899974865174,-0.055535899974865174,0.055535899974865174
Alejandro Darío Gómez,2,0,0.0515976975723081,-0.0515976975723081,0.02579884878615405
Aleksandar Dragović,1,0,0.045214311569815535,-0.045214311569815535,0.045214311569815535
Aleksandar Kolarov,1,0,0.01970776510336881,-0.01970776510336881,0.01970776510336881
Aleksandar Mitrović,36,3,4.24419317209821,-1.2441931720982096,0.11789425478050582
Aleksandar Trajkovski,6,0,0.22853216502972454,-0.22853216502972454,0.03808869417162076
Aleksandr Erokhin,3,0,0.37906568042237676,-0.37906568042237676,0.12635522680745892
Aleksandr Golovin,7,0,0.3957772593614952,-0.3957772593614952,0.0565396084802136
Aleksandr Samedov,2,0,0.0914674541449437,-0.0914674541449437,0.04573372707247185
Aleksey Miranchuk,1,1,0.11282630429334133,0.8871736957066587,0.11282630429334133
Alessandro Bastoni,3,1,0.4972175146475335,0.5027824853524665,0.16573917154917783
Alessandro Schöpf,1,0,0.021671225758633422,-0.021671225758633422,0.021671225758633422
Alex Iwobi,4,0,0.14812160370630623,-0.14812160370630623,0.03703040092657656
Alex Král,1,0,0.017087599194984607,-0.017087599194984607,0.017087599194984607
Alex Sandro Lobo Silva,1,0,0.026936359486876765,-0.026936359486876765,0.026936359486876765
Alexander Hartmann Bah,4,0,0.28040049463810535,-0.28040049463810535,0.07010012365952634
Alexander Isak,8,0,0.7287632516987321,-0.7287632516987321,0.09109540646234152
Alexis Mac Allister,7,1,0.530905454115302,0.469094545884698,0.075843636302186
Alfred John Momar N'Diaye,1,0,0.13942304465485678,-0.13942304465485678,0.13942304465485678
Alfreð Finnbogason,6,1,1.352075681959676,-0.352075681959676,0.22534594699327934
Ali Al Hassan,1,0,0.0987819109047841,-0.0987819109047841,0.0987819109047841
Ali Gabr,1,0,0.04312167899650502,-0.04312167899650502,0.04312167899650502
Ali Gholizadeh,1,0,0.03638775971642412,-0.03638775971642412,0.03638775971642412
Alidu Seidu,1,0,0.017449751935749123,-0.017449751935749123,0.017449751935749123
Alireza Jahanbakhsh,4,0,0.28436187135239427,-0.28436187135239427,0.07109046783809857
Alistair Johnston,2,0,0.8354273739781167,-0.8354273739781167,0.41771368698905836
Almoez Ali Zainalabiddin Abdulla,3,0,0.37051819538986813,-0.37051819538986813,0.12350606512995604
Alphonso Davies,2,1,0.14383082846170833,0.8561691715382916,0.07191541423085417
Amadou Onana,5,0,0.6527422394357489,-0.6527422394357489,0.13054844788714978
Amine Harit,3,0,0.21954776812306084,-0.21954776812306084,0.07318258937435361
Amr Medhat Warda,2,0,0.16721250997753984,-0.16721250997753984,0.08360625498876992
Andraž Šporar,8,0,1.0911767261931484,-1.0911767261931484,0.13639709077414355
Andrea Belotti,8,0,1.1114147074612999,-1.1114147074612999,0.13892683843266249
Andreas Christensen,9,2,1.2008099939694274,0.7991900060305726,0.13342333266326972
Andreas Evald Cornelius,10,0,0.8893669534522805,-0.8893669534522805,0.08893669534522805
Andreas Granqvist,4,0,0.2617541259428575,-0.2617541259428575,0.06543853148571438
Andreas Skov Olsen,5,0,0.3134427753233566,-0.3134427753233566,0.06268855506467133
Andrei Burcă Andonie,1,0,0.13827683522489226,-0.13827683522489226,0.13827683522489226
Andrei Florin Ratiu,3,0,0.18614913797060545,-0.18614913797060545,0.06204971265686848
Andrej Kramarić,29,4,3.068273012639434,0.931726987360566,0.10580251767722186
Andrew Robertson,1,0,0.14843340708055483,-0.14843340708055483,0.14843340708055483
Andrija Živković,2,0,0.06769156800605564,-0.06769156800605564,0.03384578400302782
Andriy Yarmolenko,14,2,1.9583722380850952,0.041627761914904804,0.13988373129179252
András Schäfer,4,1,0.21294054639514143,0.7870594536048585,0.05323513659878536
André Ayew Pelé,1,1,0.44052946411546695,0.5594705358845331,0.44052946411546695
André Martín Carrillo Díaz,3,1,0.09554939886052911,0.9044506011394708,0.031849799620176374
André Miguel Valente Silva,5,0,0.4631140922035494,-0.4631140922035494,0.09262281844070988
André-Frank Zambo Anguissa,1,0,0.05208427096086022,-0.05208427096086022,0.05208427096086022
Andrés Iniesta Luján,5,0,0.2685231804139831,-0.2685231804139831,0.05370463608279662
Andrés Mateus Uribe Villa,2,0,0.2572952631229692,-0.2572952631229692,0.1286476315614846
Anga Dedryck Boyata,1,0,0.06072842733988062,-0.06072842733988062,0.06072842733988062
Angelo Smit Preciado Quiñónez,4,0,0.07408778496091073,-0.07408778496091073,0.018521946240227682
Anice Badri,3,0,0.17552483613942582,-0.17552483613942582,0.05850827871314194
Anis Ben Slimane,1,0,0.11074152147799628,-0.11074152147799628,0.11074152147799628
Ante Budimir,7,0,1.2687834336434325,-1.2687834336434325,0.18125477623477607
Ante Rebić,20,1,1.637900701439656,-0.637900701439656,0.0818950350719828
Antoine Griezmann,39,2,3.5504288598424525,-1.5504288598424525,0.09103663743185776
Antoine Semenyo,1,0,0.10218645282024484,-0.10218645282024484,0.10218645282024484
Antonio Rüdiger,12,0,0.9452855720361206,-0.9452855720361206,0.07877379766967672
Antony Matheus dos Santos,6,0,0.21304453243424648,-0.21304453243424648,0.035507422072374416
Antonín Barák,3,0,0.13290800270528924,-0.13290800270528924,0.044302667568429745
António João Pereira Albuquerque Tavares Silva,1,0,0.22048965575324042,-0.22048965575324042,0.22048965575324042
Anzor Mekvabishvili,2,0,0.06931924611805641,-0.06931924611805641,0.034659623059028206
Aníbal Cesis Godoy,2,0,0.18251216372448403,-0.18251216372448403,0.09125608186224202
Ao Tanaka,1,1,0.9375431042457075,0.062456895754292474,0.9375431042457075
Arbër Hoxha,2,0,0.08909355802036543,-0.08909355802036543,0.04454677901018272
Arda Güler,8,1,0.2612439048933262,0.7387560951066738,0.03265548811166578
Arijan Ademi,1,0,0.13398330126772,-0.13398330126772,0.13398330126772
Arkadiusz Milik,2,0,0.30107700569723983,-0.30107700569723983,0.15053850284861992
Armando Broja,2,0,0.21903455916743464,-0.21903455916743464,0.10951727958371732
Armando Enrique Cooper Whitaker,1,0,0.06892885113874757,-0.06892885113874757,0.06892885113874757
Aron Einar Gunnarsson,2,0,0.2734776839346466,-0.2734776839346466,0.1367388419673233
Artem Dovbyk,8,1,1.0214692610933982,-0.021469261093398195,0.12768365763667477
Artem Dzyuba,11,2,0.9115410890146738,1.0884589109853262,0.08286737172860671
Arthur Theate,2,0,0.022093662865680867,-0.022093662865680867,0.011046831432840434
Artur Jędrzejczyk,1,0,0.03585149901808964,-0.03585149901808964,0.03585149901808964
Atiba Hutchinson,2,0,0.18321470961318403,-0.18321470961318403,0.09160735480659202
Attila Fiola,2,1,0.22318714186056743,0.7768128581394326,0.11159357093028371
Attila Szalai,1,0,0.09174496823244989,-0.09174496823244989,0.09174496823244989
Aurélien Djani Tchouaméni,18,1,0.7297066358721813,0.2702933641278187,0.04053925754845452
Axel Disasi,1,0,0.04167777922129,-0.04167777922129,0.04167777922129
Axel Witsel,9,0,0.3251839296477556,-0.3251839296477556,0.03613154773863951
Aymeric Laporte,8,1,0.5739036224575679,0.4260963775424321,0.07173795280719598
Ayoub El Kaabi,1,0,0.062109937052334946,-0.062109937052334946,0.062109937052334946
Ayoze Pérez Gutiérrez,3,0,0.23488067528855544,-0.23488067528855544,0.07829355842951848
Aziz Eraltay Behich,4,0,0.3395416832179899,-0.3395416832179899,0.08488542080449747
Azzedine Ounahi,6,0,0.21090262190737813,-0.21090262190737813,0.03515043698456302
Aïssa Bilal Laïdouni,2,0,0.20666673021244086,-0.20666673021244086,0.10333336510622043
Bamidele Alli,6,1,0.4265113855668566,0.5734886144331435,0.07108523092780943
Barnabás Varga,4,1,0.8442955685882954,0.15570443141170465,0.21107389214707384
Bartosz Bereszyński,3,0,0.08954102041881401,-0.08954102041881401,0.029847006806271337
Bartosz Salamon,1,0,0.0008344735201295978,-0.0008344735201295978,0.0008344735201295978
Barış Alper Yılmaz,4,0,0.2721166193672928,-0.2721166193672928,0.0680291548418232
Ben Davies,6,0,0.4798415006356803,-0.4798415006356803,0.07997358343928006
Bendegúz Bolla,3,0,0.1901798742595092,-0.1901798742595092,0.06339329141983639
Benjamin Henrichs,1,0,0.0326784945392124,-0.0326784945392124,0.0326784945392124
Benjamin Pavard,5,1,0.3148122881288825,0.6851877118711175,0.0629624576257765
Benjamin Verbič,1,0,0.030933322085493802,-0.030933322085493802,0.030933322085493802
Benjamin Šeško,8,0,0.6330501230242704,-0.6330501230242704,0.0791312653780338
Berat Djimsiti,2,0,0.14595281465130236,-0.14595281465130236,0.07297640732565118
Bernardo Mota Veiga de Carvalho e Silva,10,1,1.0336945490487346,-0.03369454904873459,0.10336945490487345
Billy Gilmour,2,0,0.03342035890822312,-0.03342035890822312,0.01671017945411156
Birkir Bjarnason,7,0,0.5923306697291367,-0.5923306697291367,0.0846186671041624
Blaise Matuidi,5,0,0.20597272792774507,-0.20597272792774507,0.04119454558554901
Blas Antonio Miguel Pérez Ortega,1,0,0.06362980306294552,-0.06362980306294552,0.06362980306294552
Blerim Džemaili,9,1,1.1109868705631265,-0.1109868705631265,0.12344298561812517
Boban Nikolov,4,0,0.5082028430547911,-0.5082028430547911,0.12705071076369778
Borna Barišić,1,0,0.009016740359418698,-0.009016740359418698,0.009016740359418698
Borna Sosa,2,0,0.06101369740587481,-0.06101369740587481,0.030506848702937406
Boulaye Dia,8,1,0.5837856391061504,0.41621436089384956,0.0729732048882688
Bradley Barcola,2,0,0.1873654976576825,-0.1873654976576825,0.09368274882884126
Breel-Donald Embolo,29,5,4.527626193315797,0.47237380668420315,0.1561250411488206
Brenden Aaronson,1,0,0.0991272823239425,-0.0991272823239425,0.0991272823239425
Brennan Johnson,3,0,0.16678083611884176,-0.16678083611884176,0.05559361203961392
Bruno Guimarães Rodriguez Moura,5,0,0.7660987138148438,-0.7660987138148438,0.15321974276296876
Bruno Miguel Borges Fernandes,23,2,1.502720824587695,0.49727917541230493,0.06533568802555197
Bruno Petković,6,1,0.5335235242765175,0.4664764757234825,0.08892058737941959
Bryan Cristante,4,0,0.15433686478619013,-0.15433686478619013,0.03858421619654753
Bryan Mbeumo,2,0,0.19901737417673168,-0.19901737417673168,0.09950868708836584
Bryan Oviedo,3,0,0.1297965755755915,-0.1297965755755915,0.04326552519186383
Bryan Ruiz González,1,0,0.10299724382362327,-0.10299724382362327,0.10299724382362327
Budu Zivzivadze,1,0,0.050683390325976366,-0.050683390325976366,0.050683390325976366
Bukayo Saka,15,4,0.9793248759173602,3.02067512408264,0.06528832506115735
Burak Yılmaz,10,0,1.1951537219452053,-1.1951537219452053,0.11951537219452053
Caglar Söyüncü,1,0,0.028888720897254777,-0.028888720897254777,0.028888720897254777
Callum McGregor,5,1,0.15115607043405338,0.8488439295659467,0.030231214086810676
Carlos Alberto Vela Garrido,8,0,1.0219899988898873,-1.0219899988898873,0.1277487498612359
Carlos Andrés Sánchez Arcosa,2,0,0.1573649287191849,-0.1573649287191849,0.07868246435959245
Carlos Arturo Bacca Ahumada,2,0,0.11442054238645616,-0.11442054238645616,0.05721027119322808
Carlos Henrique Casimiro,12,1,0.5759802834250568,0.4240197165749432,0.04799835695208807
Carlos Joel Salcedo Hernández,5,0,0.10052349185840212,-0.10052349185840212,0.020104698371680423
Carlos Soler Barragán,3,1,0.42660930009931625,0.5733906999006837,0.1422031000331054
Carlos Uriel Antuna Romero,2,0,0.40523404040287936,-0.40523404040287936,0.20261702020143968
Celso Borges Mora,5,0,0.4143249560613448,-0.4143249560613448,0.08286499121226895
Cengiz Umut Meraş,1,0,0.04582789418648053,-0.04582789418648053,0.04582789418648053
Cengiz Ünder,9,0,0.41795700518796625,-0.41795700518796625,0.04643966724310736
Cenk Tosun,3,1,0.18871747069667655,0.8112825293033235,0.06290582356555885
Che Adams,9,0,0.7863028959350827,-0.7863028959350827,0.08736698843723141
Cheikh Ahmadou Bamba Mbacke Dieng,3,1,0.33037744201744934,0.6696225579825507,0.11012581400581645
Cheikh N'Doye,1,0,0.07750955248370504,-0.07750955248370504,0.07750955248370504
Chris Führich,1,0,0.0448864569956277,-0.0448864569956277,0.0448864569956277
Chris Gunter,1,0,0.09591506881080394,-0.09591506881080394,0.09591506881080394
Chris Mepham,1,0,0.0522774349848432,-0.0522774349848432,0.0522774349848432
Christian Alberto Cueva Bravo,1,0,0.06433415269776188,-0.06433415269776188,0.06433415269776188
Christian Dannemann Eriksen,26,2,1.389978370300633,0.610021629699367,0.05346070655002434
Christian Fassnacht,1,0,0.42376154882289313,-0.42376154882289313,0.42376154882289313
Christian Pulisic,9,1,1.027729917036423,-0.027729917036422913,0.11419221300404699
Christoph Baumgartner,11,2,1.9784900784708372,0.021509921529162757,0.17986273440643974
Christopher Wooh,1,0,0.01663353581443132,-0.01663353581443132,0.01663353581443132
Ciro Immobile,18,2,1.4794863479251343,0.5205136520748657,0.0821936859958408
Cody Mathès Gakpo,18,6,1.569576843484719,4.430423156515281,0.08719871352692883
Cole Palmer,3,1,0.1421995393421277,0.8578004606578723,0.0473998464473759
Connor Roberts,2,1,0.1603405377043956,0.8396594622956044,0.0801702688521978
Corentin Tolisso,3,0,0.21819688769374326,-0.21819688769374326,0.07273229589791443
Craig Goodwin,2,1,0.33116676648461835,0.6688332335153817,0.16558338324230917
Cristhian Ricardo Stuani Curbelo,1,0,0.0590820722370429,-0.0590820722370429,0.0590820722370429
Cristian David Pavón,1,0,0.022402841143018215,-0.022402841143018215,0.022402841143018215
Cristian Gabriel Rodríguez Barrotti,4,0,0.09421858538219434,-0.09421858538219434,0.023554646345548585
Cristian Gamboa Luna,3,0,0.04451871085064387,-0.04451871085064387,0.014839570283547958
Cristiano Ronaldo dos Santos Aveiro,46,4,5.646068724450342,-1.646068724450342,0.12274062444457265
Cyle Larin,3,0,0.23987937943641305,-0.23987937943641305,0.07995979314547101
César Azpilicueta Tanco,5,1,0.48692171099335774,0.5130782890066423,0.09738434219867155
César Jasib Montes Castro,1,0,0.11807610298299952,-0.11807610298299952,0.11807610298299952
Daichi Kamada,5,0,0.48673436617814714,-0.48673436617814714,0.09734687323562943
Daizen Maeda,2,1,0.2664978884113377,0.7335021115886623,0.13324894420566885
Daler Kuzyaev,3,0,0.21185384534362534,-0.21185384534362534,0.07061794844787511
Daley Blind,5,1,0.4738688414488959,0.5261311585511041,0.09477376828977918
Dan Ndoye,14,1,1.0756441411800393,-0.07564414118003926,0.07683172437000281
Daniel Alves da Silva,2,0,0.15560246699343525,-0.15560246699343525,0.07780123349671762
Daniel Arzani,2,0,0.10982350756933718,-0.10982350756933718,0.05491175378466859
Daniel Avramovski,1,0,0.06299263727080162,-0.06299263727080162,0.06299263727080162
Daniel Carvajal Ramos,4,1,0.4263637968864859,0.573636203113514,0.10659094922162148
Daniel Colindres Solera,3,0,0.13616724604337976,-0.13616724604337976,0.045389082014459924
Daniel James,4,0,0.20393081443818256,-0.20393081443818256,0.05098270360954564
Daniel Nii Tackie Mensah Welbeck,2,0,0.24128647349992133,-0.24128647349992133,0.12064323674996066
Daniel Olmo Carvajal,50,4,3.713390414147432,0.2866095858525681,0.07426780828294864
Daniel Vivian Moreno,1,0,0.035471139357222556,-0.035471139357222556,0.035471139357222556
Daniel Wass,4,0,0.15294327100224428,-0.15294327100224428,0.03823581775056107
Danilo Luiz da Silva,2,0,0.09858983180391327,-0.09858983180391327,0.049294915901956636
Danilo Luís Hélio Pereira,2,0,0.49732241390959964,-0.49732241390959964,0.24866120695479982
Danny Rose,1,0,0.07545180501810708,-0.07545180501810708,0.07545180501810708
Darko Lazović,1,0,0.01900258495364666,-0.01900258495364666,0.01900258495364666
Darko Velkovski,1,0,0.1274995223225875,-0.1274995223225875,0.1274995223225875
Darwin Gabriel Núñez Ribeiro,3,0,0.41241243171734965,-0.41241243171734965,0.1374708105724499
David Alberto Guzmán Pérez,1,0,0.022508992081965842,-0.022508992081965842,0.022508992081965842
David Josué Jiménez Silva,8,0,0.8104954913283087,-0.8104954913283087,0.10131193641603858
David Junior Hoilett,4,0,0.12454704717274429,-0.12454704717274429,0.03113676179318607
David Jurásek,4,0,0.27702574521870355,-0.27702574521870355,0.06925643630467589
David Olatukunbo Alaba,1,0,0.029936403398418552,-0.029936403398418552,0.029936403398418552
David Raum,1,0,0.03343428282034903,-0.03343428282034903,0.03343428282034903
David Strelec,7,0,0.5979093609898019,-0.5979093609898019,0.08541562299854312
Davide Frattesi,2,0,0.18252072586542203,-0.18252072586542203,0.09126036293271102
Davinson Sánchez Mina,2,0,0.1414335244775864,-0.1414335244775864,0.0707167622387932
Davy Klaassen,2,1,0.30028328808585214,0.6997167119141479,0.15014164404292607
Dawid Kownacki,2,0,0.054006043704263415,-0.054006043704263415,0.027003021852131708
Dayotchanculle Upamecano,3,0,0.22824265021257192,-0.22824265021257192,0.07608088340419064
Declan Rice,10,0,0.371700002212986,-0.371700002212986,0.0371700002212986
Dejan Kulusevski,3,0,0.2169215006705081,-0.2169215006705081,0.07230716689016937
Dejan Lovren,10,0,0.7762943435081491,-0.7762943435081491,0.0776294343508149
Denis Alibec,1,0,0.20615039163457863,-0.20615039163457863,0.20615039163457863
Denis Cheryshev,13,4,1.0055936208008036,2.994406379199196,0.07735335544621566
Denis Lemi Zakaria Lako Lado,3,0,0.12925907895619815,-0.12925907895619815,0.04308635965206605
Denis Mihai Drăguş,5,1,0.9216645631472622,0.0783354368527378,0.18433291262945245
Denis Vavro,3,0,0.05765363204705669,-0.05765363204705669,0.019217877349018895
Dennis Man,6,0,0.3917459616197124,-0.3917459616197124,0.0652909936032854
Denzel Dumfries,12,3,2.2109292368984708,0.7890707631015292,0.18424410307487257
Diego Roberto Godín Leal,4,0,0.5407240941676463,-0.5407240941676463,0.13518102354191158
Diego Sebastián Laxalt Suárez,1,0,0.018672875726096324,-0.018672875726096324,0.018672875726096324
Diego da Silva Costa,11,3,2.4970067070722424,0.5029932929277576,0.2270006097338402
Diogo José Teixeira da Silva,10,1,2.1176081226834524,-1.1176081226834524,0.21176081226834526
Djibril Sow,3,0,0.17360223916733833,-0.17360223916733833,0.05786741305577944
Dodi Lukebakio,3,0,0.1809360882432865,-0.1809360882432865,0.060312029414428835
Domagoj Vida,3,1,0.4051739407890741,0.5948260592109259,0.1350579802630247
Domenico Berardi,14,0,1.1512667336580686,-1.1512667336580686,0.08223333811843347
Dominik Szoboszlai,4,0,0.2185523897870843,-0.2185523897870843,0.054638097446771075
Donyell Malen,9,2,1.2695516588259679,0.7304483411740321,0.14106129542510754
Douglas Costa de Souza,4,0,0.19420560088894148,-0.19420560088894148,0.04855140022223537
Dries Mertens,10,1,0.6727233931594434,0.3272766068405566,0.06727233931594434
Dušan Tadić,4,0,0.1521669699720855,-0.1521669699720855,0.03804174249302138
Dušan Vlahović,8,1,1.0747030453884514,-0.0747030453884514,0.13433788067355643
Dylan Daniel Mahmoud Bronn,2,1,0.2665868095253076,0.7334131904746923,0.1332934047626538
Dávid Hancko,6,0,0.35373790304112085,-0.35373790304112085,0.058956317173520144
Eberechi Eze,2,0,0.13692987071617213,-0.13692987071617213,0.06846493535808607
Eden Hazard,22,2,2.682549658582038,-0.6825496585820381,0.12193407539009264
Edgar Yoel Bárcenas Herrera,5,0,0.5328085994606485,-0.5328085994606485,0.1065617198921297
Edimilson Fernandes,1,0,0.018205726331176942,-0.018205726331176942,0.018205726331176942
Edinson Roberto Cavani Gómez,17,3,2.22657266534274,0.77342733465726,0.13097486266722
Edson Omar Álvarez Velázquez,2,0,0.1337332137008291,-0.1337332137008291,0.06686660685041455
Eduardo Antonio Salvio,1,0,0.036135987167445795,-0.036135987167445795,0.036135987167445795
Eduardo Camavinga,2,0,0.2391297670162304,-0.2391297670162304,0.1195648835081152
Ehsan Hajsafi,2,0,0.0874131453137693,-0.0874131453137693,0.04370657265688465
Eljif Elmas,6,0,0.35284775979700117,-0.35284775979700117,0.05880795996616686
Ellyes Joris Skhiri,2,0,0.10699407274024131,-0.10699407274024131,0.053497036370120654
Elseid Hysaj,2,0,0.09123674354310149,-0.09123674354310149,0.045618371771550745
Emerson Palmieri dos Santos,3,0,0.10859040781444443,-0.10859040781444443,0.03619680260481481
Emil Hallfreðsson,1,0,0.01704297584104258,-0.01704297584104258,0.01704297584104258
Emil Krafth,1,0,0.021696150762244085,-0.021696150762244085,0.021696150762244085
Emil Peter Forsberg,25,4,1.5232953551350934,2.4767046448649066,0.060931814205403736
Emre Can,1,1,0.01961878325649586,0.9803812167435041,0.01961878325649586
Enis Bardhi,4,0,0.16300286781419981,-0.16300286781419981,0.040750716953549954
Enner Remberto Valencia Lastra,7,2,1.123564686483284,0.876435313516716,0.16050924092618343
Enzo Fernandez,8,1,0.24795480229501804,0.752045197704982,0.030994350286877255
Enzo Nicolás Pérez,1,0,0.2507303728198687,-0.2507303728198687,0.2507303728198687
Eric Dier,5,0,0.72983452898617,-0.72983452898617,0.14596690579723398
Eric García Martret,1,0,0.05388743469777054,-0.05388743469777054,0.05388743469777054
Erik Janža,3,1,0.1321108391074106,0.8678891608925894,0.04403694636913686
Ernesto Alexis Vega Rojas,8,0,0.648980989911514,-0.648980989911514,0.08112262373893925
Ethan Ampadu,1,0,0.009458446036149357,-0.009458446036149357,0.009458446036149357
Evgeny Makarenko,1,0,0.035450804850135346,-0.035450804850135346,0.035450804850135346
Exequiel Alejandro Palacios,1,0,0.07098361120754512,-0.07098361120754512,0.07098361120754512
Ezgjan Alioski,2,1,0.39903669714904594,0.600963302850954,0.19951834857452297
Fabian Delph,3,0,0.10017909406839696,-0.10017909406839696,0.03339303135613232
Fabian Lukas Schär,10,0,0.6752267914402059,-0.6752267914402059,0.06752267914402059
Fabián Ruiz Peña,18,2,1.1311785138118606,0.8688214861881394,0.0628432507673256
Facundo Pellistri Rebollo,1,0,0.08629775693394658,-0.08629775693394658,0.08629775693394658
Fahad Mosaed Al Muwallad Al Harbi,1,0,0.032514780226743145,-0.032514780226743145,0.032514780226743145
Fakhreddine Ben Youssef,7,1,1.4032733268195807,-0.4032733268195807,0.20046761811708297
Famara Diedhiou,3,1,0.2894149782424754,0.7105850217575246,0.09647165941415847
Faustino Marcos Alberto Rojo,2,1,0.11292190148405143,0.8870780985159485,0.056460950742025715
Federico Bernardeschi,2,0,0.05701425493896077,-0.05701425493896077,0.028507127469480385
Federico Chiesa,24,2,1.3733774227284303,0.6266225772715697,0.057224059280351264
Federico Dimarco,2,0,0.04060516794104099,-0.04060516794104099,0.020302583970520496
Federico Santiago Valverde Dipetta,7,0,0.17604298025229861,-0.17604298025229861,0.0251489971788998
Felipe Abdiel Baloy Ramírez,1,1,0.18649595689132797,0.813504043108672,0.18649595689132797
Felix Eduardo Torres Caicedo,1,0,0.16138183049191504,-0.16138183049191504,0.16138183049191504
Ferdi Erenay Kadıoğlu,2,0,0.0615090541229587,-0.0615090541229587,0.03075452706147935
Ferjani Sassi,5,0,0.24700658174275814,-0.24700658174275814,0.049401316348551626
Fermin Lopez Marin,2,0,0.034744150126904294,-0.034744150126904294,0.017372075063452147
Fernando Luiz Roza,3,0,0.16281208056552116,-0.16281208056552116,0.054270693521840385
Ferrán Torres García,16,4,2.1432929000990715,1.8567070999009285,0.13395580625619197
Filip Kostić,5,0,1.056501784631039,-1.056501784631039,0.2113003569262078
Filip Mladenović,1,0,0.010320497718125632,-0.010320497718125632,0.010320497718125632
Filipe Luís Kasmirski,1,0,0.016237003548119675,-0.016237003548119675,0.016237003548119675
Firas Tariq Nasser Al Albirakan,2,0,0.11474801566435155,-0.11474801566435155,0.05737400783217578
Florian Grillitsch,6,0,0.26851718561872184,-0.26851718561872184,0.044752864269786974
Florian Wirtz,8,2,0.5422840460380463,1.4577159539619537,0.06778550575475578
Florinel Teodor Coman,2,0,0.09813027674506145,-0.09813027674506145,0.04906513837253072
Fran Karačić,3,0,0.07702380730542616,-0.07702380730542616,0.025674602435142052
Francesco Acerbi,1,0,0.08462509610288169,-0.08462509610288169,0.08462509610288169
Francisco Fernandes Conceição,5,1,0.6215559338282383,0.37844406617176174,0.12431118676564765
Francisco Javier Calvo Quesada,2,0,0.0672196489723706,-0.0672196489723706,0.0336098244861853
Francisco Román Alarcón Suárez,9,1,0.8430125118688604,0.1569874881311396,0.09366805687431783
Frederico Rodrigues Santos,3,0,0.35929641970865295,-0.35929641970865295,0.11976547323621765
Frenkie de Jong,2,1,0.8617786443714356,0.1382213556285644,0.4308893221857178
Fyodor Smolov,2,0,0.07884109914768331,-0.07884109914768331,0.039420549573841654
Gabriel Arturo Torres Tejada,1,0,0.16914307981818982,-0.16914307981818982,0.16914307981818982
Gabriel Fernando de Jesus,12,0,2.2604997085364,-2.2604997085364,0.18837497571136666
Gabriel Iván Mercado,1,1,0.2568696523660609,0.743130347633939,0.2568696523660609
Gabriel Teodoro Martinelli Silva,4,0,0.4948867437957162,-0.4948867437957162,0.12372168594892904
Gaku Shibasaki,1,0,0.01338637491938435,-0.01338637491938435,0.01338637491938435
Garang Kuol,1,0,0.2646050384602532,-0.2646050384602532,0.2646050384602532
Gareth Frank Bale,10,0,0.9227988019005238,-0.9227988019005238,0.09227988019005237
Gen Shōji,1,0,0.006695682781649978,-0.006695682781649978,0.006695682781649978
Genki Haraguchi,3,1,0.2355936968796672,0.7644063031203328,0.0785312322932224
Georges Mikautadze,4,1,0.44758988972791014,0.5524101102720899,0.11189747243197753
Georginio Wijnaldum,10,3,1.7638124564649222,1.2361875435350778,0.1763812456464922
Georgiy Sudakov,7,0,0.24685701990527942,-0.24685701990527942,0.03526528855789706
Gerard Moreno Balaguero,14,0,2.089124244577375,-2.089124244577375,0.14922316032695535
Gerard Piqué Bernabéu,8,0,1.2716697449559586,-1.2716697449559586,0.15895871811949483
Germán Alejandro Pezzella,1,0,0.04077096189794229,-0.04077096189794229,0.04077096189794229
Gernot Trauner,1,1,0.13423604931109626,0.8657639506889038,0.13423604931109626
Gerson Torres Barrantes,1,0,0.021124798397913074,-0.021124798397913074,0.021124798397913074
Ghilane Chalali,1,0,0.05594868477560769,-0.05594868477560769,0.05594868477560769
Giacomo Raspadori,1,0,0.053818232785027106,-0.053818232785027106,0.053818232785027106
Giancarlo González Castro,2,0,0.2645869868786397,-0.2645869868786397,0.13229349343931984
Gianluca Scamacca,6,0,0.5209808191462552,-0.5209808191462552,0.08683013652437586
Giorgi Chakvetadze,2,0,0.06548398082859333,-0.06548398082859333,0.032741990414296665
Giorgi Kochorashvili,5,0,0.5690659455986093,-0.5690659455986093,0.11381318911972187
Giorgian Daniel De Arrascaeta Benedetti,4,2,1.2825467080854127,0.7174532919145873,0.3206366770213532
Giorgio Chiellini,2,0,0.10764136658315386,-0.10764136658315386,0.05382068329157693
Giovanni Di Lorenzo,7,0,0.6573066054737507,-0.6573066054737507,0.09390094363910725
Giovanni Reyna,2,0,0.05057311668468046,-0.05057311668468046,0.02528655834234023
Gleison Bremer Silva Nascimento,1,0,0.5877630170244347,-0.5877630170244347,0.5877630170244347
Glen Kamara,1,0,0.03436795259727921,-0.03436795259727921,0.03436795259727921
Gonzalo Ariel Montiel,1,0,0.019232505734603833,-0.019232505734603833,0.019232505734603833
Gonzalo Gerardo Higuaín,3,0,0.4527751754564171,-0.4527751754564171,0.15092505848547236
Gonzalo Jordy Plata Jiménez,2,0,0.10082670563959356,-0.10082670563959356,0.05041335281979678
Gonçalo Bernardo Inácio,1,0,0.02477765864193031,-0.02477765864193031,0.02477765864193031
Gonçalo Manuel Ganchinho Guedes,6,0,0.31552353533804806,-0.31552353533804806,0.052587255889674674
Gonçalo Matias Ramos,8,3,1.280119198785205,1.719880801214795,0.16001489984815062
Goran Pandev,2,1,0.4784726364728756,0.5215273635271245,0.2392363182364378
Gotoku Sakai,1,0,0.031975507019543756,-0.031975507019543756,0.031975507019543756
Granit Xhaka,16,1,0.7123382755043797,0.28766172449562033,0.04452114221902373
Grant Campbell Hanley,3,0,0.2755798505979412,-0.2755798505979412,0.09185995019931374
Grzegorz Krychowiak,7,1,0.6980912443199259,0.30190875568007414,0.09972732061713227
Gue-Sung Cho,8,2,0.7203648519165918,1.279635148083408,0.09004560648957398
Gylfi Þór Sigurðsson,6,0,0.33856013489911496,-0.33856013489911496,0.056426689149852494
Haji Wright,7,1,0.8751726059994058,0.12482739400059417,0.1250246579999151
Hakan Çalhanoğlu,10,1,0.34873241428502844,0.6512675857149716,0.034873241428502844
Hakim Ziyech,17,1,1.078095522220712,-0.07809552222071203,0.06341738366004189
Hamdi Nagguez,1,0,0.0842185987818453,-0.0842185987818453,0.0842185987818453
Haris Seferović,15,3,1.102309295546516,1.897690704453484,0.07348728636976773
Harry Kane,53,10,6.959729086528755,3.040270913471245,0.131315643142052
Harry Maguire,25,2,1.5634700941908606,0.4365299058091394,0.06253880376763442
Harry Souttar,1,0,0.09909506289786404,-0.09909506289786404,0.09909506289786404
Harry Wilson,2,0,0.10389457815587969,-0.10389457815587969,0.05194728907793984
Hassan Khalid Al Heidos,1,0,0.020788157886570895,-0.020788157886570895,0.020788157886570895
Hattan Babhir,6,0,0.3634448482104275,-0.3634448482104275,0.06057414136840458
Hee-Chan Hwang,8,1,0.6921075894202489,0.30789241057975114,0.08651344867753111
Henrik Dalsgaard,1,0,0.025177287427781744,-0.025177287427781744,0.025177287427781744
Henry Josué Martín Mex,4,1,0.9012630134969963,0.09873698650300367,0.22531575337424908
Heorhii Tsitaishvili,3,0,0.21208965313865114,-0.21208965313865114,0.07069655104621704
Heung-Min Son,22,2,2.456361006304815,-0.45636100630481513,0.11165277301385523
Hidemasa Morita,3,0,0.16807902969612282,-0.16807902969612282,0.05602634323204094
Hiroki Sakai,3,0,0.4908076893652739,-0.4908076893652739,0.16360256312175797
Hirving Rodrigo Lozano Bahena,17,1,0.9508325746833661,0.04916742531663387,0.05593132792255095
Hugo Ayala Castro,1,0,0.0399392590800216,-0.0399392590800216,0.0399392590800216
Hussain Al Mogahwi,4,0,0.14931448466980654,-0.14931448466980654,0.037328621167451635
Héctor Alfredo Moreno Herrera,3,0,0.3511391604185942,-0.3511391604185942,0.11704638680619807
Héctor Miguel Herrera López,5,0,0.18442345151688036,-0.18442345151688036,0.03688469030337607
Hörður Björgvin Magnússon,2,0,0.14660730453565468,-0.14660730453565468,0.07330365226782734
Iago Aspas Juncal,4,1,0.6979194543354926,0.30208054566450737,0.17447986358387316
Ianis Hagi,2,0,0.08055333835581599,-0.08055333835581599,0.040276669177907995
Ibrahima Konaté,2,0,0.19825147182287017,-0.19825147182287017,0.09912573591143509
Idrissa Gana Gueye,6,0,0.36941959456828444,-0.36941959456828444,0.061569932428047404
Igor Diveev,1,0,0.07082056948591504,-0.07082056948591504,0.07082056948591504
Iliman Ndiaye,2,0,0.0743096550488732,-0.0743096550488732,0.0371548275244366
Illia Zabarnyi,2,0,0.2708646901469677,-0.2708646901469677,0.13543234507348384
Ilya Kutepov,1,0,0.25939084984761696,-0.25939084984761696,0.25939084984761696
In-Beom Hwang,6,0,0.17451675078151077,-0.17451675078151077,0.029086125130251796
Ismaeel Mohammad Mohammad,2,0,0.45391379915355656,-0.45391379915355656,0.22695689957677828
Ismail Jakobs,1,0,0.021832324921436275,-0.021832324921436275,0.021832324921436275
Ismaïla Sarr,12,0,1.4979572841915547,-1.4979572841915547,0.12482977368262956
Issam Jebali,3,0,0.4149034826234422,-0.4149034826234422,0.13830116087448072
Ivan Ilić,2,0,0.03972422762312207,-0.03972422762312207,0.019862113811561034
Ivan Perišić,48,6,3.3061288786093055,2.6938711213906945,0.0688776849710272
Ivan Rakitić,12,1,0.9479304968543403,0.052069503145659723,0.07899420807119502
Ivan Schranz,5,3,0.8602065207561803,2.13979347924382,0.17204130415123606
Ivan Toney,1,0,0.07820989465481325,-0.07820989465481325,0.07820989465481325
Iñaki Williams Arthuer,2,0,0.14066735574869013,-0.14066735574869013,0.07033367787434507
Ja-Cheol Koo,1,0,0.0656733711887897,-0.0656733711887897,0.0656733711887897
Jacek Góralski,1,0,0.021670699973407894,-0.021670699973407894,0.021670699973407894
Jack Grealish,3,1,0.6799557240545921,0.32004427594540785,0.22665190801819737
Jack Hendry,3,0,0.12602339445302937,-0.12602339445302937,0.042007798151009794
Jackson Gabriel Porozo Vernaza,1,0,0.05972111840300487,-0.05972111840300487,0.05972111840300487
Jackson Irvine,3,0,0.3566152892319361,-0.3566152892319361,0.11887176307731202
Jae-Sung Lee,6,0,0.18280557621918206,-0.18280557621918206,0.030467596036530344
Jaka Bijol,1,0,0.034742715022149644,-0.034742715022149644,0.034742715022149644
Jakub Jankto,3,0,0.2503672875444207,-0.2503672875444207,0.08345576251480691
Jakub Kamiński,4,0,0.36199633362390565,-0.36199633362390565,0.09049908340597641
Jakub Moder,4,0,0.5829925754025312,-0.5829925754025312,0.1457481438506328
Jakub Piotr Kiwior,3,0,0.27804094434773974,-0.27804094434773974,0.09268031478257992
Jakub Piotrowski,2,0,0.15427867652281976,-0.15427867652281976,0.07713933826140988
Jakub Świerczok,1,0,0.03616563792934335,-0.03616563792934335,0.03616563792934335
Jamal Musiala,21,3,1.7846075309809133,1.2153924690190867,0.0849813109990911
James David Rodríguez Rubio,2,0,0.12970490519210684,-0.12970490519210684,0.06485245259605342
James Forrest,1,0,0.10242833868620362,-0.10242833868620362,0.10242833868620362
Jamie Vardy,3,0,0.3029541399335706,-0.3029541399335706,0.1009847133111902
Jan Bednarek,4,1,0.5941124867276139,0.40588751327238615,0.14852812168190346
Jan Bořil,1,0,0.07539616188353052,-0.07539616188353052,0.07539616188353052
Jan Mlakar,2,0,0.12768809794046532,-0.12768809794046532,0.06384404897023266
Jan Vertonghen,5,1,0.18055245450086213,0.8194475454991379,0.036110490900172425
Jannik Vestergaard,10,0,0.9123828506630371,-0.9123828506630371,0.09123828506630371
Jasir Asani,4,0,0.06367041824598396,-0.06367041824598396,0.01591760456149599
Jason Denayer,1,0,0.05321049246566343,-0.05321049246566343,0.05321049246566343
Javier Alejandro Mascherano,1,0,0.04877351067052514,-0.04877351067052514,0.04877351067052514
Javier Hernández Balcázar,6,1,0.5298189400249902,0.4701810599750098,0.0883031566708317
Jawad El Yamiq,1,0,0.07085383351125997,-0.07085383351125997,0.07085383351125997
Jean-Charles Castelletto,1,1,0.8130927733594404,0.1869072266405596,0.8130927733594404
Jean-Eric Maxim Choupo-Moting,3,1,0.45010423811360345,0.5498957618863966,0.15003474603786782
Jefferson Agustín Farfán Guadalupe,4,0,0.49539332787852586,-0.49539332787852586,0.12384833196963146
Jefferson Andrés Lerma Solís,2,0,0.09143216389176324,-0.09143216389176324,0.04571608194588162
Jens Stryger Larsen,2,0,0.0500940371949871,-0.0500940371949871,0.02504701859749355
Jerdy Schouten,1,0,0.07256992267565933,-0.07256992267565933,0.07256992267565933
Jeremie Frimpong,2,0,0.15854957161917377,-0.15854957161917377,0.07927478580958688
Jeremy Doku,8,0,0.42729563726616504,-0.42729563726616504,0.05341195465827063
Jeremy Leonel Sarmiento Morante,1,0,0.05370348006426334,-0.05370348006426334,0.05370348006426334
Jesper Lindstrøm,3,0,0.22781363854772474,-0.22781363854772474,0.07593787951590825
Jesse Lingard,16,1,1.6338786850207425,-0.6338786850207425,0.10211741781379641
Jesús Daniel Gallardo Vasconcelos,2,0,0.14025141849338102,-0.14025141849338102,0.07012570924669051
Jewison Bennette,1,0,0.030833218298348786,-0.030833218298348786,0.030833218298348786
Jin-Su Kim,3,0,0.3355837999510265,-0.3355837999510265,0.11186126665034217
Joachim Andersen,8,0,0.44203748213658717,-0.44203748213658717,0.055254685267073396
Joakim Mæhle,13,2,1.254999312150305,0.7450006878496951,0.09653840862694653
Joe Allen,4,0,0.14889326324855404,-0.14889326324855404,0.03722331581213851
Joe Rodon,1,0,0.025585893197105136,-0.025585893197105136,0.025585893197105136
Joel Nathaniel Campbell Samuels,4,0,0.2559022120816477,-0.2559022120816477,0.06397555302041193
Joel Pohjanpalo,7,1,0.7597276650585902,0.24027233494140976,0.1085325235797986
Joey Veerman,2,0,0.14870405531245834,-0.14870405531245834,0.07435202765622917
Johan Andrés Mojica Palacio,1,0,0.01566776451231604,-0.01566776451231604,0.01566776451231604
Johan Bakayoko,3,0,0.2665121974592755,-0.2665121974592755,0.08883739915309184
Johann Berg Guðmunds­son,3,0,0.07965363745315289,-0.07965363745315289,0.026551212484384298
John Guidetti,1,0,0.025521519914016737,-0.025521519914016737,0.025521519914016737
John McGinn,7,0,0.7631906518331892,-0.7631906518331892,0.1090272359761699
John Stones,16,2,2.1222554809563805,-0.1222554809563805,0.13264096755977378
Jon Gorenc Stankovič,1,0,0.0538727015249129,-0.0538727015249129,0.0538727015249129
Jonas Hector,2,0,0.12830862567672996,-0.12830862567672996,0.06415431283836498
Jonas Hofmann,1,0,0.2442052655989578,-0.2442052655989578,0.2442052655989578
Jonas Older Wind,9,0,0.51120490842878,-0.51120490842878,0.05680054538097555
Jonathan David,8,0,0.6825282419431206,-0.6825282419431206,0.08531603024289007
Jonathan Osorio,1,0,0.04299882158829622,-0.04299882158829622,0.04299882158829622
Jonathan Tah,1,0,0.012105757796298381,-0.012105757796298381,0.012105757796298381
Joni Ensio Kauko,2,0,0.032736649042416216,-0.032736649042416216,0.016368324521208108
Joona Toivio,1,0,0.039350465854929205,-0.039350465854929205,0.039350465854929205
Jordan Ayew,1,0,0.053004110888878166,-0.053004110888878166,0.053004110888878166
Jordan Brian Henderson,7,2,0.6405025811843774,1.3594974188156226,0.09150036874062535
Jordi Alba Ramos,6,0,0.3019662193451446,-0.3019662193451446,0.05032770322419077
Jorge Eduardo Sánchez Ramos,1,0,0.03548974387539063,-0.03548974387539063,0.03548974387539063
Jorge Resurrección Merodio,7,0,0.5055431304527442,-0.5055431304527442,0.07222044720753489
Joseff Morrell,1,0,0.015365701968885188,-0.015365701968885188,0.015365701968885188
Josh Risdon,1,0,0.0629268758076023,-0.0629268758076023,0.0629268758076023
Joshua Kimmich,17,0,1.0074774836189713,-1.0074774836189713,0.05926338138935125
Joshua Sargent,4,0,0.43116269996456447,-0.43116269996456447,0.10779067499114112
Josip Drmic,4,1,0.22590244006561203,0.774097559934388,0.056475610016403006
Josip Juranović,2,0,0.08023700344879564,-0.08023700344879564,0.04011850172439782
Josip Pivarić,2,0,0.05270317555213949,-0.05270317555213949,0.026351587776069746
Josip Stanišić,2,0,0.22584789633036398,-0.22584789633036398,0.11292394816518199
Josip Šutalo,1,0,0.3730592387422908,-0.3730592387422908,0.3730592387422908
José Adoni Cifuentes Charcopa,1,0,0.03183983289804282,-0.03183983289804282,0.03183983289804282
José Andrés Guardado Hernández,8,0,0.5162121919052669,-0.5162121919052669,0.06452652398815836
José Diogo Dalot Teixeira,4,0,0.13716582466258712,-0.13716582466258712,0.03429145616564678
José Ignacio Fernández Iglesias,1,1,0.07461167665976504,0.9253883233402349,0.07461167665976504
José Luis Gayà Peña,3,0,0.20955243435310372,-0.20955243435310372,0.06985081145103457
José Luis Rodríguez Francis,3,0,0.09998629483258098,-0.09998629483258098,0.03332876494419366
José Luis Sanmartín Mato,3,0,0.1542011311942012,-0.1542011311942012,0.051400377064733736
José Martín Cáceres Silva,7,0,1.2031473626013471,-1.2031473626013471,0.1718781946573353
José María Giménez de Vargas,7,1,0.2955902348803223,0.7044097651196777,0.042227176411474616
José Miguel da Rocha Fonte,4,0,0.2870182237224021,-0.2870182237224021,0.07175455593060052
José Paolo Guerrero Gonzáles,8,1,0.9004745539215046,0.09952544607849545,0.11255931924018807
José Paulo Bezzera Maciel Júnior,6,1,1.6353172360816206,-0.6353172360816206,0.2725528726802701
João Filipe Iria Santos Moutinho,3,0,0.09311393312468545,-0.09311393312468545,0.031037977708228484
João Félix Sequeira,18,1,0.9998396391073987,0.0001603608926012967,0.055546646617077707
João Maria Lobo Alves Palhinha Gonçalves,11,0,0.34576870782341124,-0.34576870782341124,0.03143351889303739
João Miranda de Souza Filho,1,0,0.02387186253421208,-0.02387186253421208,0.02387186253421208
João Mário Naval da Costa Eduardo,1,0,0.1368777616387553,-0.1368777616387553,0.1368777616387553
João Neves,1,0,0.027998876781460055,-0.027998876781460055,0.027998876781460055
João Pedro Cavaco Cancelo,4,0,0.17682710633851667,-0.17682710633851667,0.04420677658462917
Joško Gvardiol,7,1,0.7872617308300252,0.21273826916997485,0.11246596154714646
Juan Fernando Quintero Paniagua,6,0,0.16431340943054626,-0.16431340943054626,0.027385568238424376
Juan Guillermo Cuadrado Bello,6,1,0.31395295443695603,0.686047045563044,0.05232549240615934
Juan Pablo Vargas Campos,1,0,0.2560209813127768,-0.2560209813127768,0.2560209813127768
Jude Bellingham,11,3,1.0226973592813164,1.9773026407186836,0.0929724872073924
Jules Koundé,5,0,0.28243743154999335,-0.28243743154999335,0.05648748630999867
Jules Olivier Ntcham,1,0,0.031567942237128666,-0.031567942237128666,0.031567942237128666
Julian Brandt,4,0,0.33837013157842194,-0.33837013157842194,0.08459253289460548
Julian Draxler,6,0,0.6289451358078639,-0.6289451358078639,0.10482418930131066
Julián Álvarez,11,4,1.8711184360221782,2.1288815639778216,0.1701016760020162
Junya Ito,2,0,0.16785631153361993,-0.16785631153361993,0.08392815576680997
Juraj Kucka,12,0,0.7316094463664718,-0.7316094463664718,0.06096745386387265
Jurriën David Norman Timber,1,0,0.028766160663238848,-0.028766160663238848,0.028766160663238848
Jérôme Boateng,3,0,0.06418969193495608,-0.06418969193495608,0.021396563978318694
Jón Daði Böðvarsson,1,0,0.026579201264288227,-0.026579201264288227,0.026579201264288227
Kaan Ayhan,6,0,0.27050464311111444,-0.27050464311111444,0.04508410718518574
Kacper Urbanski,2,0,0.11392806042391004,-0.11392806042391004,0.05696403021195502
Kai Havertz,33,4,5.680011330025179,-1.680011330025179,0.17212155545530847
Kalidou Koulibaly,1,1,0.26812464768173006,0.73187535231827,0.26812464768173006
Kalvin Phillips,4,0,0.11605438715490458,-0.11605438715490458,0.029013596788726146
Kamaldeen Sulemana,1,0,0.06174538316311887,-0.06174538316311887,0.06174538316311887
Kamil Glik,5,0,0.27565599831917087,-0.27565599831917087,0.055131199663834174
Kamil Grosicki,6,0,0.5394411990955966,-0.5394411990955966,0.08990686651593277
Kang-In Lee,3,0,0.10523975440683442,-0.10523975440683442,0.035079918135611475
Kaoru Mitoma,1,0,0.03198833670028807,-0.03198833670028807,0.03198833670028807
Karim Ansarifard,3,0,0.09283187768983303,-0.09283187768983303,0.030943959229944345
Karim Benzema,10,3,1.8832472157996065,1.1167527842003935,0.18832472157996066
Karim El Ahmadi Al Aroos,1,0,0.01285406048184904,-0.01285406048184904,0.01285406048184904
Karim Onisiwo,1,0,0.06923066593514146,-0.06923066593514146,0.06923066593514146
Karl Brillant Toko Ekambi,2,0,0.16168428098055745,-0.16168428098055745,0.08084214049027873
Karol Linetty,3,1,0.3434753268023488,0.6565246731976512,0.11449177560078294
Karol Świderski,7,0,0.6520423803205477,-0.6520423803205477,0.09314891147436397
Kasper Dolberg,11,3,1.714579913238448,1.285420086761552,0.15587090120349528
Keanu Baccus,1,0,0.030837794519896884,-0.030837794519896884,0.030837794519896884
Keisuke Honda,3,1,0.6923776819911769,0.3076223180088231,0.23079256066372564
Keita Baldé Diao,1,0,0.06667333854079027,-0.06667333854079027,0.06667333854079027
Kelechi Promise Iheanacho,3,0,0.11818932065144974,-0.11818932065144974,0.039396440217149914
Kenan Karaman,2,0,0.22262988123394944,-0.22262988123394944,0.11131494061697472
Kenan Yildiz,11,0,0.6513518884282572,-0.6513518884282572,0.059213808038932475
Kendall Jamaal Waston Manley,2,1,0.16278998904387426,0.8372100109561258,0.08139499452193713
Kenneth Josiah Omeruo,1,0,0.0187376976874711,-0.0187376976874711,0.0187376976874711
Kenneth McLean,1,0,0.014661401823963506,-0.014661401823963506,0.014661401823963506
Kevin Csoboth,2,1,0.3597336880889989,0.640266311911001,0.17986684404449946
Kevin Danso,1,0,0.02146471198722622,-0.02146471198722622,0.02146471198722622
Kevin De Bruyne,30,3,1.7851267796642183,1.2148732203357817,0.05950422598880727
Kevin José Rodríguez Cortez,1,0,0.16885221293900743,-0.16885221293900743,0.16885221293900743
Kevin Mbabu,2,0,0.14573595662604055,-0.14573595662604055,0.07286797831302028
Kevin Nisbet,2,0,0.07567699567500352,-0.07567699567500352,0.03783849783750176
Keysher Fuller Spence,3,1,0.2770080194163319,0.7229919805836681,0.09233600647211064
Khalid Boutaïb,4,1,0.8390970100469126,0.16090298995308738,0.20977425251172815
Khvicha Kvaratskhelia,6,1,0.4871567102190185,0.5128432897809815,0.08119278503650308
Kieffer Roberto Francisco Moore,12,1,1.5776201830927659,-0.5776201830927659,0.13146834859106382
Kieran Tierney,1,0,0.009353554873943463,-0.009353554873943463,0.009353554873943463
Kieran Trippier,1,0,0.05429944662262209,-0.05429944662262209,0.05429944662262209
Kingsley Coman,5,0,0.3138428875494736,-0.3138428875494736,0.06276857750989472
Klaus Gjasula,2,1,0.19607293417905508,0.803927065820945,0.09803646708952754
Kléper Laveran Lima Ferreira,8,2,0.7151614416001907,1.2848385583998092,0.08939518020002384
Ko Itakura,3,0,0.17751019172657234,-0.17751019172657234,0.05917006390885745
Kobbie Mainoo,5,0,0.2585266731148424,-0.2585266731148424,0.05170533462296848
Konrad Laimer,4,0,0.5713493295712804,-0.5713493295712804,0.1428373323928201
Kristjan Asllani,7,0,0.37379777950387755,-0.37379777950387755,0.05339968278626822
Kristoffer Olsson,1,0,0.05327064639145918,-0.05327064639145918,0.05327064639145918
Krystian Bielik,2,0,0.0716113127235726,-0.0716113127235726,0.0358056563617863
Krzysztof Piątek,3,1,0.4570658316119794,0.5429341683880207,0.15235527720399314
Krépin Diatta,3,0,0.17699463688839412,-0.17699463688839412,0.05899821229613137
Kwadwo Duah,4,1,0.46335589200590516,0.5366441079940949,0.11583897300147629
Kylian Mbappé Lottin,70,10,7.697390868579045,2.3026091314209554,0.10996272669398635
Kyung-Won Kwon,1,0,0.007493445007437904,-0.007493445007437904,0.007493445007437904
Ladislav Krejčí,5,0,0.2477608442854508,-0.2477608442854508,0.04955216885709016
Lamine Yamal Nasraoui Ebana,15,1,1.0469137933407522,-0.046913793340752186,0.06979425288938348
Lasse Schöne,4,0,0.11994371067414944,-0.11994371067414944,0.02998592766853736
Lautaro Javier Martínez,14,0,1.7661617177995805,-1.7661617177995805,0.12615440841425576
Lazar Samardžić,1,0,0.04544095411829725,-0.04544095411829725,0.04544095411829725
Leander Dendoncker,2,0,0.2501133073519209,-0.2501133073519209,0.12505665367596044
Leandro Daniel Paredes,1,0,0.022442768660490376,-0.022442768660490376,0.022442768660490376
Leandro Trossard,5,0,0.3730167415859009,-0.3730167415859009,0.07460334831718018
Leon Aderemi Balogun,3,0,0.17991804837860922,-0.17991804837860922,0.05997268279286974
Leon Goretzka,11,1,0.9422086826197321,0.05779131738026788,0.08565533478361201
Leonardo Bonucci,5,1,0.945230546618935,0.05476945338106498,0.18904610932378701
Leonardo Spinazzola,7,0,0.6219801520782591,-0.6219801520782591,0.0888543074397513
Leroy Sané,9,0,0.37242176630049395,-0.37242176630049395,0.04138019625561044
Lewis Morgan,1,0,0.020951793174951817,-0.020951793174951817,0.020951793174951817
Lionel Andrés Messi Cuccittini,36,4,3.089205855458896,0.9107941445411041,0.08581127376274711
Lisandro Martínez,1,0,0.1932596864990321,-0.1932596864990321,0.1932596864990321
Lorenzo Insigne,16,2,1.0198699162618536,0.9801300837381464,0.06374186976636585
Lorenzo Pellegrini,6,0,0.5259559221123729,-0.5259559221123729,0.08765932035206214
Louis Schaub,2,0,0.09111016469590788,-0.09111016469590788,0.04555508234795394
Lovro Majer,6,1,0.6736847655841718,0.3263152344158282,0.11228079426402864
Loïc Négo,1,0,0.021363354141395015,-0.021363354141395015,0.021363354141395015
Lucas Digne,1,0,0.02151859891661949,-0.02151859891661949,0.02151859891661949
Lucas Hernández Pi,5,0,0.29986759564720733,-0.29986759564720733,0.05997351912944147
Lucas Rodrigo Biglia,2,0,0.0952119936984004,-0.0952119936984004,0.0476059968492002
Lucas Tolentino Coelho de Lima,4,1,0.6336651542741152,0.3663348457258848,0.1584162885685288
Lucas Torreira Di Pascua,2,0,0.06242914946536009,-0.06242914946536009,0.031214574732680044
Ludwig Augustinsson,3,1,0.36733822668844907,0.6326617733115509,0.12244607556281635
Luis Alberto Suárez Díaz,12,1,1.7341665872140462,-0.7341665872140462,0.14451388226783718
Luis Carlos Ovalle Victoria,1,0,0.01765849620746323,-0.01765849620746323,0.01765849620746323
Luis Fernando Muriel Fruto,1,0,0.05433601027987648,-0.05433601027987648,0.05433601027987648
Luis Gerardo Chávez Magallón,7,0,0.14664735447693747,-0.14664735447693747,0.020949622068133923
Luis Jan Piers Advíncula Castrillón,3,0,0.07629999800418621,-0.07629999800418621,0.02543333266806207
Luka Ivanušec,1,0,0.026816825073356358,-0.026816825073356358,0.026816825073356358
Luka Jović,3,1,0.15493703779506957,0.8450629622049304,0.05164567926502319
Luka Lochoshvili,1,0,0.07601394259031273,-0.07601394259031273,0.07601394259031273
Luka Modrić,21,3,1.0669457350932214,1.9330542649067786,0.05080693976634388
Luka Sučić,3,0,0.45686233427136336,-0.45686233427136336,0.1522874447571211
Luke Shaw,5,1,0.2726345245953559,0.7273654754046441,0.05452690491907118
Lukáš Haraslín,11,0,0.6539328847777502,-0.6539328847777502,0.05944844407070457
Lukáš Masopust,1,0,0.031568771235205205,-0.031568771235205205,0.031568771235205205
Lukáš Provod,3,1,0.0894024258267134,0.9105975741732866,0.029800808608904467
Luuk de Jong,1,0,0.05198750430605808,-0.05198750430605808,0.05198750430605808
Lyndon Dykes,6,0,0.8499665176004547,-0.8499665176004547,0.14166108626674245
László Bénes,1,0,0.06343594937222448,-0.06343594937222448,0.06343594937222448
László Kleinheisler,1,0,0.022200599734423333,-0.022200599734423333,0.022200599734423333
M'Baye Babacar Niang,8,1,1.7918935225086379,-0.7918935225086379,0.22398669031357973
Maciej Rybus,1,0,0.08254265635874276,-0.08254265635874276,0.08254265635874276
Magomed Ozdoev,4,0,0.3120513941924187,-0.3120513941924187,0.07801284854810467
Mahmoud Ibrahim Hassan,8,0,0.42773004383883984,-0.42773004383883984,0.05346625547985498
Makoto Hasebe,1,0,0.037866936506480806,-0.037866936506480806,0.037866936506480806
Mame Biram Diouf,2,0,0.23958575735084536,-0.23958575735084536,0.11979287867542268
Manuel Henrique Tavares Fernandes,2,0,0.04278010643113464,-0.04278010643113464,0.02139005321556732
Manuel Locatelli,5,2,0.8956978810783305,1.1043021189216695,0.1791395762156661
Manuel Marouan da Costa Trinidade,2,0,0.06381575634841596,-0.06381575634841596,0.03190787817420798
Manuel Obafemi Akanji,11,1,1.1359952563354647,-0.13599525633546472,0.1032722960304968
Marc Cucurella Saseta,1,0,0.00841667332966818,-0.00841667332966818,0.00841667332966818
Marc Guehi,2,0,0.1608919933988622,-0.1608919933988622,0.0804459966994311
Marcel Halstenberg,1,0,0.03938681422861305,-0.03938681422861305,0.03938681422861305
Marcel Sabitzer,22,1,1.397644093470126,-0.39764409347012597,0.06352927697591482
Marcelo Brozović,12,0,0.7158620702940038,-0.7158620702940038,0.05965517252450032
Marcelo Vieira da Silva Júnior,4,0,0.09709300568571291,-0.09709300568571291,0.02427325142142823
Marco Asensio Willemsen,13,1,0.8860251572535011,0.11397484274649894,0.06815578132719238
Marco Jhonfai Fabián De La Mora,1,0,0.022075379564902034,-0.022075379564902034,0.022075379564902034
Marco Reus,6,1,0.3763114751257756,0.6236885248742243,0.06271857918762927
Marco Verratti,4,0,0.2196203735747068,-0.2196203735747068,0.0549050933936767
Marcos Aoás Corrêa,1,0,0.09497911729962197,-0.09497911729962197,0.09497911729962197
Marcos Danilo Ureña Porras,2,0,0.1730856276760657,-0.1730856276760657,0.08654281383803285
Marcos Javier Acuña,3,0,0.1401377506221378,-0.1401377506221378,0.046712583540712595
Marcos Llorente Moreno,5,0,0.5086456942134059,-0.5086456942134059,0.10172913884268117
Marcus Andreas Danielsson,1,0,0.3049694421867049,-0.3049694421867049,0.3049694421867049
Marcus Berg,17,0,3.014561798012434,-3.014561798012434,0.1773271645889667
Marcus Rashford,13,2,1.6291586700105019,0.37084132998949815,0.12531989769311552
Marcus Thuram,13,0,1.117508700140603,-1.117508700140603,0.08596220770312331
Marek Hamšík,4,0,0.1327562413969962,-0.1327562413969962,0.03318906034924905
Mario Gavranović,4,1,0.5140046752873297,0.48599532471267026,0.12850116882183243
Mario Gómez García,6,0,1.6111641598113722,-1.6111641598113722,0.26852735996856203
Mario Götze,1,0,0.07891364577479565,-0.07891364577479565,0.07891364577479565
Mario Mandžukić,12,3,2.8145062020555596,0.18549379794444043,0.23454218350462996
Mario Mitaj,1,0,0.04536725950345358,-0.04536725950345358,0.04536725950345358
Mario Pašalić,8,1,0.7433463617611478,0.25665363823885223,0.09291829522014347
Mark Anthony Kaye,1,0,0.01719939399951801,-0.01719939399951801,0.01719939399951801
Marko Arnautović,11,1,1.7949342464843163,-0.7949342464843163,0.1631758405894833
Marko Grujić,1,0,0.029722592792404655,-0.029722592792404655,0.029722592792404655
Marko Livaja,6,1,0.6032751173990267,0.39672488260097327,0.10054585289983779
Marko Pjaca,1,0,0.02268349590311112,-0.02268349590311112,0.02268349590311112
Marouane Fellaini-Bakkioui,5,1,0.5537390100652285,0.4462609899347715,0.11074780201304571
Marten de Roon,1,0,0.02834568179221833,-0.02834568179221833,0.02834568179221833
Martin Baturina,1,0,0.05094156570212034,-0.05094156570212034,0.05094156570212034
Martin Braithwaite Christensen,20,1,2.1541088706677014,-1.1541088706677014,0.10770544353338507
Martin Hinteregger,3,0,0.08508217303019996,-0.08508217303019996,0.02836072434339999
Martin Hongla Yma II,1,0,0.06568878434849924,-0.06568878434849924,0.06568878434849924
Martin Koscelník,1,0,0.03285939204517466,-0.03285939204517466,0.03285939204517466
Marvin Plattenhardt,1,0,0.03960445727383082,-0.03960445727383082,0.03960445727383082
Marwan Mohsen,6,0,0.27439985879438794,-0.27439985879438794,0.045733309799064654
Mason Mount,10,0,0.8780050167958116,-0.8780050167958116,0.08780050167958116
Mateo Kovačić,17,0,0.958092923233257,-0.958092923233257,0.05635840724901512
Mateo Retegui,4,0,0.22446814626080674,-0.22446814626080674,0.056117036565201686
Mateusz Andrzej Klich,1,0,0.025129167894796883,-0.025129167894796883,0.025129167894796883
Matheus Luiz Nunes,2,0,0.25700041437436977,-0.25700041437436977,0.12850020718718488
Mathew Leckie,10,1,0.9610289161851453,0.0389710838148547,0.09610289161851453
Mathias Jensen,4,0,0.19301248421412845,-0.19301248421412845,0.04825312105353211
Mathias Jørgensen Jatta,1,1,0.0859960997005855,0.9140039002994145,0.0859960997005855
Mathías Olivera Miramontes,2,0,0.047993171825072484,-0.047993171825072484,0.023996585912536242
Mats Hummels,11,0,1.7477479867030838,-1.7477479867030838,0.15888618060937126
Matteo Darmian,1,0,0.0751955323932168,-0.0751955323932168,0.0751955323932168
Matteo Pessina,4,2,0.6818845836368191,1.318115416363181,0.17047114590920479
Matthias Ginter,1,0,0.19868210511182402,-0.19868210511182402,0.19868210511182402
Matthijs de Ligt,4,0,1.2821881213892565,-1.2821881213892565,0.32054703034731413
Mattia Zaccagni,2,1,0.25922337173925825,0.7407766282607418,0.12961168586962912
Matty Cash,1,0,0.027488414579502424,-0.027488414579502424,0.027488414579502424
Matías Vecino Falero,5,0,0.24758671171329905,-0.24758671171329905,0.04951734234265981
Matúš Bero,1,0,0.027249657413945378,-0.027249657413945378,0.027249657413945378
Matěj Jurásek,4,0,0.08891787233768983,-0.08891787233768983,0.022229468084422457
Maximilian Mittelstädt,5,0,0.2096347635771773,-0.2096347635771773,0.041926952715435464
Maximiliano Eduardo Meza,3,0,0.373231429336638,-0.373231429336638,0.124410476445546
Maximiliano Gómez González,2,0,0.0982235941195094,-0.0982235941195094,0.0491117970597547
Maya Yoshida,2,0,0.18811275147764045,-0.18811275147764045,0.09405637573882022
Mbark Boussoufa,2,0,0.10069823060613473,-0.10069823060613473,0.05034911530306736
Medhi Amine El Mouttaqi Benatia,5,0,0.629984303411404,-0.629984303411404,0.1259968606822808
Medon Berisha,1,0,0.02808322492802581,-0.02808322492802581,0.02808322492802581
Mehdi Taremi,8,1,1.0571939021461176,-0.05719390214611764,0.1321492377682647
Mehdi Torabi,2,0,0.0823430347831055,-0.0823430347831055,0.04117151739155275
Mehmet Zeki Çelik,2,0,0.2190480929631931,-0.2190480929631931,0.10952404648159655
Memphis Depay,36,3,4.099941214926568,-1.0999412149265684,0.11388725597018245
Merih Demiral,6,2,0.6077186878237714,1.3922813121762285,0.10128644797062857
Mert Müldür,7,1,0.6578872824008094,0.3421127175991906,0.09398389748582991
Mesut Özil,2,0,0.06967691613884716,-0.06967691613884716,0.03483845806942358
Michael Amir Murillo Bermudez,2,0,0.5578537870516261,-0.5578537870516261,0.27892689352581307
Michael Gregoritsch,7,2,1.5102747049167184,0.48972529508328155,0.2157535292738169
Michael Krmenčík,4,0,0.39500119013062135,-0.39500119013062135,0.09875029753265534
Michael Lang,1,0,0.03708303656451697,-0.03708303656451697,0.03708303656451697
Michael Steveen Estrada Martínez,3,0,0.39497999333594747,-0.39497999333594747,0.13165999777864915
Michal Ďuriš,2,0,0.09019214083458062,-0.09019214083458062,0.04509607041729031
Michał Skóraś,1,0,0.01950647089058066,-0.01950647089058066,0.01950647089058066
Michel Aebischer,2,1,0.0860226056389079,0.913977394361092,0.04301130281945395
Michy Batshuayi Tunga,14,2,2.7360500404025547,-0.7360500404025547,0.19543214574303963
Miguel Arturo Layún Prado,8,0,0.27462689521018674,-0.27462689521018674,0.03432836190127334
Mijat Gaćinović,1,0,0.017115122970558855,-0.017115122970558855,0.017115122970558855
Mikael Lustig,3,0,0.07786798957258609,-0.07786798957258609,0.025955996524195363
Mikel Merino Zazón,3,1,0.31768837918027315,0.6823116208197268,0.10589612639342438
Mikel Oyarzabal Ugarte,15,2,1.3286702660873708,0.6713297339126292,0.08857801773915805
Mikkel Damsgaard,8,1,0.7034491111693828,0.2965508888306172,0.08793113889617285
Milan Badelj,2,1,0.14538098338091157,0.8546190166190885,0.07269049169045579
Milan Škriniar,4,1,0.3869297055235913,0.6130702944764087,0.09673242638089782
Mile Jedinak,3,0,0.5468840394235127,-0.5468840394235127,0.18229467980783756
Min Jae Kim,2,0,0.11521639667166961,-0.11521639667166961,0.057608198335834804
Min-Woo Kim,1,0,0.030664370256401858,-0.030664370256401858,0.030664370256401858
Mirlind Daku,1,0,0.11565386578620543,-0.11565386578620543,0.11565386578620543
Mislav Oršić,11,2,1.3530451707770805,0.6469548292229195,0.12300410643428004
Mitchell Thomas Duke,7,1,0.2898326143748424,0.7101673856251576,0.04140465919640606
Mohamed Dräger,4,0,0.23686510079314174,-0.23686510079314174,0.059216275198285435
Mohamed Naser Elsayed Elneny,3,0,0.24324086021639424,-0.24324086021639424,0.08108028673879808
Mohamed Salah,5,1,0.7770778840156061,0.22292211598439393,0.1554155768031212
Mohamed Salisu,2,1,0.5678047246109158,0.4321952753890842,0.2839023623054579
Mohamed Zeki Amdouni,2,0,0.1597870804300796,-0.1597870804300796,0.0798935402150398
Mohammad Ibrahim Al Sahlawi,1,0,0.045988330078057124,-0.045988330078057124,0.045988330078057124
Mohammed Al Burayk,3,0,0.2904971925676764,-0.2904971925676764,0.0968323975225588
Mohammed Kanoo,6,0,0.3661353050300389,-0.3661353050300389,0.061022550838339816
Mohammed Kudus,8,2,0.6519926703563206,1.3480073296436794,0.08149908379454007
Mohammed Muntari,3,1,0.17518853950218163,0.8248114604978184,0.05839617983406054
Mohanad Aseri Abu Radiah,1,0,0.11122922940871897,-0.11122922940871897,0.11122922940871897
Moisés Isaac Caicedo Corozo,3,1,0.49139396941800273,0.5086060305819973,0.1637979898060009
Mojmír Chytil,2,0,0.08157096209509941,-0.08157096209509941,0.040785481047549706
Montassar Omar Talbi,1,0,0.02952439516549183,-0.02952439516549183,0.02952439516549183
Morten Hjulmand,5,1,0.140505145922813,0.859494854077187,0.028101029184562597
Morteza Pouraliganji,2,0,0.13264824218350366,-0.13264824218350366,0.06632412109175183
Moussa Sissoko,1,0,0.12182736013671955,-0.12182736013671955,0.12182736013671955
Moussa Wagué,1,1,0.2237772995744238,0.7762227004255762,0.2237772995744238
Muhammed Kerem Aktürkoğlu,6,1,1.1669491563769128,-0.16694915637691277,0.1944915260628188
Mykhailo Mudryk,6,0,0.31909986914204436,-0.31909986914204436,0.05318331152367406
Mykola Shaparenko,4,1,0.3556157516189472,0.6443842483810528,0.0889039379047368
Mário Figueira Fernandes,3,1,0.40958368659371236,0.5904163134062876,0.13652789553123745
Márton Dárdai,1,0,0.02966341172879167,-0.02966341172879167,0.02966341172879167
N'Golo Kanté,7,0,0.23890593121056386,-0.23890593121056386,0.034129418744366265
Nabil Dirar,2,0,0.09138519522270605,-0.09138519522270605,0.045692597611353025
Nabil Fekir,3,0,0.06707390057942642,-0.06707390057942642,0.022357966859808804
Nacer Chadli,5,1,0.5505808563194226,0.44941914368057745,0.11011617126388451
Nahitan Michel Nández Acosta,1,0,0.012755398127981061,-0.012755398127981061,0.012755398127981061
Nahuel Molina Lucero,2,1,0.4038065829887406,0.5961934170112594,0.2019032914943703
Nampalys Mendy,2,0,0.10217583100180469,-0.10217583100180469,0.051087915500902345
Nathan Aké,3,0,0.13957209828801956,-0.13957209828801956,0.04652403276267319
Nawaf Shaker Al Abid,1,0,0.052595725562474174,-0.052595725562474174,0.052595725562474174
Nayef Aguerd,1,0,0.14356327396994176,-0.14356327396994176,0.14356327396994176
Naïm Sliti,7,0,0.5327727631455388,-0.5327727631455388,0.07611039473507697
Neco Williams,3,0,0.0870012626989529,-0.0870012626989529,0.029000420899650967
Nedim Bajrami,3,1,0.23403146548063664,0.7659685345193634,0.07801048849354554
Nemanja Matić,3,0,0.31455673988266686,-0.31455673988266686,0.10485224662755561
Nemanja Radonjić,2,0,0.07580227024991243,-0.07580227024991243,0.037901135124956215
Neymar da Silva Santos Junior,33,3,5.484036597815434,-2.484036597815434,0.1661829272065283
Ngoran Suiru Fai Collins,1,0,0.028260561230931413,-0.028260561230931413,0.028260561230931413
Nicholas Williams Arthuer,12,2,0.9074294146788225,1.0925705853211776,0.07561911788990187
Niclas Füllkrug,17,4,2.376000012618266,1.6239999873817341,0.13976470662460388
Nico Elvedi,4,0,0.4567156513956792,-0.4567156513956792,0.1141789128489198
Nico Schlotterbeck,2,0,0.04915524764853492,-0.04915524764853492,0.02457762382426746
Nicola Zalewski,2,0,0.1255544361329492,-0.1255544361329492,0.0627772180664746
Nicolae Claudiu Stanciu,3,1,0.11858049319759928,0.8814195068024007,0.03952683106586643
Nicolai Jørgensen,4,0,0.4955160008876944,-0.4955160008876944,0.1238790002219236
Nicolas Alexis Julio N'Koulou Ndoubena,3,0,0.379051957567941,-0.379051957567941,0.12635065252264702
Nicolas Seiwald,1,0,0.040438300794223836,-0.040438300794223836,0.040438300794223836
Nicolás Alejandro Tagliafico,7,0,1.021371608542723,-1.021371608542723,0.14591022979181756
Nicolás Hernán Otamendi,7,0,0.5310925191476125,-0.5310925191476125,0.07587035987823035
Nicolò Barella,6,2,0.4689019570027701,1.5310980429972298,0.07815032616712835
Nicolò Fagioli,1,0,0.0159024210516778,-0.0159024210516778,0.0159024210516778
Niklas Süle,1,0,0.10264605564138789,-0.10264605564138789,0.10264605564138789
Nikola Milenković,3,0,0.13352366925853293,-0.13352366925853293,0.04450788975284431
Nikola Vlašić,8,1,0.8502115488788969,0.14978845112110306,0.10627644360986212
Nikolai Alho,1,0,0.01546584004146897,-0.01546584004146897,0.01546584004146897
Noah Okafor,1,0,0.04442080443655671,-0.04442080443655671,0.04442080443655671
Nordin Amrabat,1,0,0.021186213138290277,-0.021186213138290277,0.021186213138290277
Noussair Mazraoui,4,0,0.12992325655512665,-0.12992325655512665,0.03248081413878166
Nuno Mendes,3,0,0.10184481431485326,-0.10184481431485326,0.03394827143828442
Nélson Cabral Semedo,2,0,0.3642643706677611,-0.3642643706677611,0.18213218533388054
Odion Jude Ighalo,5,0,0.5848741655463262,-0.5848741655463262,0.11697483310926524
Oghenekaro Etebo,6,0,0.2129052424419995,-0.2129052424419995,0.035484207073666583
Okay Yokuşlu,1,0,0.06189612099556404,-0.06189612099556404,0.06189612099556404
Ola Toivonen,4,1,0.37722263357505803,0.622777366424942,0.09430565839376451
Oleksandr Karavaev,5,0,0.2780839357368612,-0.2780839357368612,0.05561678714737224
Oleksandr Zinchenko,2,1,0.20411055820073082,0.7958894417992692,0.10205527910036541
Olivier Giroud,36,4,3.6766042680620936,0.3233957319379064,0.10212789633505816
Ollie Watkins,3,1,0.41317598134294015,0.5868240186570599,0.13772532711431337
Omid Ebrahimi,1,0,0.025329669887441442,-0.025329669887441442,0.025329669887441442
Ondrej Duda,4,1,0.20392301353408515,0.7960769864659148,0.05098075338352129
Ondřej Lingr,5,0,0.4931364261656122,-0.4931364261656122,0.09862728523312245
Onyinye Wilfred Ndidi,3,0,0.0665407126595655,-0.0665407126595655,0.0221802375531885
Orbelín Pineda Alvarado,4,0,0.35987032237317507,-0.35987032237317507,0.08996758059329377
Orkun Kökçü,6,0,0.5953522080552258,-0.5953522080552258,0.0992253680092043
Oscar Fabián Murillo Murillo,2,0,0.05712309662225302,-0.05712309662225302,0.02856154831112651
Osman Bukari,3,1,0.3882564170410311,0.6117435829589689,0.1294188056803437
Otar Kakabadze,1,0,0.011370765058744372,-0.011370765058744372,0.011370765058744372
Otávio Edmilson da Silva Monteiro,3,0,0.10330223279707001,-0.10330223279707001,0.03443407759902334
Ousmane Dembélé,20,0,1.0061361152438708,-1.0061361152438708,0.05030680576219354
Ozan Tufan,2,0,0.050924120583730026,-0.050924120583730026,0.025462060291865013
Pablo Martín Páez Gavira,1,1,0.09410418867154813,0.9058958113284519,0.09410418867154813
Pablo Sarabia García,9,2,1.1793971205141633,0.8206028794858367,0.1310441245015737
Papa Alioune N'Diaye,1,0,0.07654829348636363,-0.07654829348636363,0.07654829348636363
Pape Gueye,4,0,0.11142243144577572,-0.11142243144577572,0.02785560786144393
Pape Matar Sarr,3,0,0.04860302841196663,-0.04860302841196663,0.01620100947065554
Pascal Groß,1,0,0.024681994663636783,-0.024681994663636783,0.024681994663636783
Pathé Ismaël Ciss,1,0,0.05696555458609964,-0.05696555458609964,0.05696555458609964
Patrick Wimmer,3,0,0.13508885433567203,-0.13508885433567203,0.04502961811189068
Patrick van Aanholt,4,0,0.20740242495982464,-0.20740242495982464,0.05185060623995616
Patrik Schick,21,5,2.280011535308626,2.719988464691374,0.10857197787183932
Pau Francisco Torres,3,0,0.4910724990693218,-0.4910724990693218,0.16369083302310727
Paul Pogba,13,2,0.6797811251273431,1.3202188748726569,0.052290855779026396
Paulo Bruno Exequiel Dybala,1,0,0.051783234058133766,-0.051783234058133766,0.051783234058133766
Paulus Arajuuri,1,0,0.10496418751746317,-0.10496418751746317,0.10496418751746317
Pavel Kadeřábek,1,0,0.11320967020070904,-0.11320967020070904,0.11320967020070904
Pavel Šulc,1,0,0.0297771232872182,-0.0297771232872182,0.0297771232872182
Paweł Dawidowicz,1,0,0.06676623442387074,-0.06676623442387074,0.06676623442387074
Pedro González López,6,0,0.7596053854129851,-0.7596053854129851,0.12660089756883083
Pedro Guilherme Abreu dos Santos,4,0,0.3291682117851239,-0.3291682117851239,0.08229205294628097
Pedro Jesús Aquino Sánchez,1,0,0.019600909174048133,-0.019600909174048133,0.019600909174048133
Pedro Miguel Correia,2,0,0.04967162199441241,-0.04967162199441241,0.024835810997206206
Pervis Josué Estupiñán Tenorio,2,0,0.38505863163642623,-0.38505863163642623,0.19252931581821311
Petar Stojanović,1,0,0.02130385573242636,-0.02130385573242636,0.02130385573242636
Peter Pekarík,4,0,0.5984451723195983,-0.5984451723195983,0.14961129307989957
Petr Ševčík,2,0,0.13157027728993648,-0.13157027728993648,0.06578513864496824
Phil Foden,16,1,1.7614391521228154,-0.7614391521228154,0.11008994700767596
Philip Foden,3,0,0.14054771831712773,-0.14054771831712773,0.046849239439042574
Philipp Lienhart,2,0,0.12353449591396021,-0.12353449591396021,0.061767247956980104
Philippe Coutinho Correia,23,2,1.434442441361252,0.565557558638748,0.06236706266788052
Pierre Kunde Malong,5,0,0.292252539575135,-0.292252539575135,0.058450507915027
Pierre-Emile Højbjerg,15,0,0.5033995763392093,-0.5033995763392093,0.033559971755947285
Pione Sisto Ifolo Emirmija,5,0,0.25046395246606246,-0.25046395246606246,0.05009279049321249
Piotr Zieliński,20,1,1.2063183141453357,-0.20631831414533575,0.060315915707266785
Pontus Jansson,1,0,0.07937125125922483,-0.07937125125922483,0.07937125125922483
Przemysław Frankowski,1,0,0.08054469579252845,-0.08054469579252845,0.08054469579252845
Przemysław Płacheta,1,0,0.05994101759060717,-0.05994101759060717,0.05994101759060717
Qazim Laçi,1,1,0.15409723080369755,0.8459027691963025,0.15409723080369755
Quincy Anton Promes,1,0,0.04032542663576091,-0.04032542663576091,0.04032542663576091
Radamel Falcao García Zárate,8,1,0.995559133970085,0.004440866029915003,0.12444489174626062
Radu Drăgușin,3,0,0.1985153546436115,-0.1985153546436115,0.06617178488120383
Rafael Alexandre Conceição Leão,8,2,0.4253568322669249,1.574643167733075,0.05316960403336561
Rafael Tolói,2,0,0.07045783201969517,-0.07045783201969517,0.03522891600984759
Rafał Kurzawa,2,0,0.09379450815160048,-0.09379450815160048,0.04689725407580024
Raheem Sterling,25,4,3.513604000874155,0.4863959991258451,0.1405441600349662
Ramin Rezaeian,2,1,0.28851775724216777,0.7114822427578322,0.14425887862108389
Randal Kolo Muani,7,2,1.3454349982130305,0.6545650017869695,0.19220499974471864
Raphael Dias Belloli,7,0,0.6833264148604709,-0.6833264148604709,0.09761805926578156
Raphaël Adelino José Guerreiro,10,2,0.4967006816927789,1.5032993183072212,0.049670068169277895
Raphaël Varane,9,1,0.7743787984342207,0.22562120156577925,0.08604208871491342
Rasmus Winther Højlund,6,0,1.3253478520230475,-1.3253478520230475,0.2208913086705079
Raúl Alonso Jiménez Rodríguez,1,0,0.0711254203433498,-0.0711254203433498,0.0711254203433498
Reece James,1,0,0.060712577882862245,-0.060712577882862245,0.060712577882862245
Remo Freuler,6,2,0.8594725738993432,1.1405274261006568,0.14324542898322387
Renato Fabrizio Tapia Cortijo,1,0,0.016678172748047428,-0.016678172748047428,0.016678172748047428
Renato Júnior Luz Sanches,4,0,0.08649237486913412,-0.08649237486913412,0.02162309371728353
Renato Soares de Oliveira Augusto,3,1,0.4049893870090259,0.595010612990974,0.13499646233634197
Rey Manaj,2,0,0.2707143277200733,-0.2707143277200733,0.13535716386003666
Ricardo Andrade Quaresma Bernardo,5,1,0.23996523277281445,0.7600347672271855,0.04799304655456289
Ricardo Guardia Avila,1,0,0.006499340090616639,-0.006499340090616639,0.006499340090616639
Ricardo Iván Rodríguez Araya,10,0,0.17374658486303096,-0.17374658486303096,0.017374658486303096
Ricardo Jorge Luz Horta,3,1,0.36675338123058326,0.6332466187694168,0.12225112707686109
Riccardo Calafiori,3,0,0.2667243502863832,-0.2667243502863832,0.08890811676212773
Richarlison de Andrade,8,3,1.3644485435739822,1.6355514564260178,0.17055606794674777
Richie Laryea,2,0,0.052395669748943254,-0.052395669748943254,0.026197834874471627
Rifat Zhemaletdinov,2,0,0.19319682771878494,-0.19319682771878494,0.09659841385939247
Riley McGree,3,0,0.0825427546925599,-0.0825427546925599,0.02751425156418663
Ritsu Doan,4,2,0.4473355336801783,1.5526644663198217,0.11183388342004458
Robbie Kruse,1,0,0.05520814546578742,-0.05520814546578742,0.05520814546578742
Robert Andrich,7,0,0.3049570946850134,-0.3049570946850134,0.043565299240716206
Robert Lewandowski,32,4,4.601727870689021,-0.6017278706890208,0.1438039959590319
Roberto Firmino Barbosa de Oliveira,6,1,1.642851433887226,-0.642851433887226,0.27380857231453765
Robin Aime Robert Le Normand,3,0,0.15464765005120867,-0.15464765005120867,0.05154921668373622
Robin Gosens,6,1,1.0636649534463507,-0.0636649534463507,0.17727749224105846
Robin Hranáč,2,0,0.23091154100987776,-0.23091154100987776,0.11545577050493888
Robin Lod,2,0,0.11391231744285991,-0.11391231744285991,0.05695615872142996
Robin Quaison,1,0,0.07488244117260665,-0.07488244117260665,0.07488244117260665
Rodrigo Bentancur Colmán,6,0,0.7678684296723562,-0.7678684296723562,0.12797807161205937
Rodrigo Hernández Cascante,9,1,0.5428789215188942,0.45712107848110584,0.06031988016876602
Rodrigo Javier De Paul,7,0,0.6012892310222445,-0.6012892310222445,0.08589846157460636
Rodrigo Moreno Machado,4,0,0.28720189066307933,-0.28720189066307933,0.07180047266576983
Rodrygo Silva de Goes,5,0,0.3000144373331401,-0.3000144373331401,0.06000288746662802
Rogelio Gabriel Funes Mori,1,0,0.05239051890108608,-0.05239051890108608,0.05239051890108608
Roland Sallai,15,0,1.0452108932699324,-1.0452108932699324,0.0696807262179955
Romain Saïss,2,1,0.726485379500888,0.273514620499112,0.363242689750444
Roman Yaremchuk,17,3,1.7065754252072205,1.2934245747927795,0.1003867897180718
Roman Zobnin,10,0,0.35020629397301156,-0.35020629397301156,0.035020629397301155
Romano Schmid,1,1,0.08767613612642401,0.912323863873576,0.08767613612642401
Romario Andrés Ibarra Mina,2,0,0.08468275429093881,-0.08468275429093881,0.04234137714546941
Romelu Lukaku Menama,41,7,7.523348023197909,-0.5233480231979089,0.1834962932487295
Román Aureliano Torres Morcillo,4,0,0.5472360876075931,-0.5472360876075931,0.13680902190189828
Roozbeh Cheshmi,2,1,0.11612486583079182,0.8838751341692082,0.05806243291539591
Ruben Loftus-Cheek,3,0,0.17429097575688807,-0.17429097575688807,0.05809699191896269
Ruben Vargas,9,1,0.8848194346602001,0.11518056533979992,0.0983132705178
Rubin Colwill,1,0,0.03644380334207157,-0.03644380334207157,0.03644380334207157
Rui Pedro dos Santos Patrício,1,0,0.05554326861269595,-0.05554326861269595,0.05554326861269595
Ruslan Malinovskiy,7,0,0.3694259634211995,-0.3694259634211995,0.052775137631599925
Ryan Fraser,3,0,0.08256237037517983,-0.08256237037517983,0.02752079012505994
Ryan Gravenberch,2,0,0.06499499849187278,-0.06499499849187278,0.03249749924593639
Róbert Boženík,3,0,0.13711065106864176,-0.13711065106864176,0.04570355035621392
Róbert Mak,1,0,0.10435878391542977,-0.10435878391542977,0.10435878391542977
Rúben Diogo Da Silva Neves,4,0,0.1421856123777831,-0.1421856123777831,0.035546403094445775
Rúben Santos Gato Alves Dias,4,0,0.3548979726632564,-0.3548979726632564,0.0887244931658141
Rúrik Gíslason,1,0,0.036961072055041774,-0.036961072055041774,0.036961072055041774
Răzvan Gabriel Marin,4,1,0.10289560737385456,0.8971043926261455,0.02572390184346364
Saba Lobzhanidze,1,0,0.2978520879664271,-0.2978520879664271,0.2978520879664271
Sadio Mané,2,1,0.8547429438084089,0.14525705619159113,0.42737147190420444
Saeid Ezatolahi Afagh,4,0,0.16404639875397692,-0.16404639875397692,0.04101159968849423
Saleh Khalid Al Shehri,3,1,0.160205805363494,0.839794194636506,0.053401935121164666
Salem Mohammed Al Dawsari,13,3,1.139665752637338,1.860334247362662,0.08766659635671831
Salif Sané,3,0,0.25816732832086803,-0.25816732832086803,0.08605577610695601
Salih Özcan,1,0,0.04987252733200013,-0.04987252733200013,0.04987252733200013
Salis Abdul Samed,1,0,0.02514569790605044,-0.02514569790605044,0.02514569790605044
Salman Mohammed Al Faraj,1,0,0.1107718654018228,-0.1107718654018228,0.1107718654018228
Saman Ghoddos,3,0,0.3036393596164657,-0.3036393596164657,0.10121311987215524
Samet Akaydin,2,1,0.3221927699923918,0.6778072300076081,0.1610963849961959
Sami Khedira,3,0,0.07253263384829774,-0.07253263384829774,0.024177544616099247
Samuel Yves Umtiti,2,1,0.09554606219947107,0.904453937800529,0.04777303109973553
Sang-Ho Na,1,0,0.0549603741424391,-0.0549603741424391,0.0549603741424391
Santiago Arias Naranjo,1,0,0.014913871340808524,-0.014913871340808524,0.014913871340808524
Sardar Azmoun,10,0,1.1930907753362716,-1.1930907753362716,0.11930907753362716
Sasa Kalajdzic,6,1,0.4681157192279694,0.5318842807720305,0.0780192865379949
Saud Abdullah Abdul Hamid,1,0,0.009588479130177957,-0.009588479130177957,0.009588479130177957
Saîf-Eddine Khaoui,2,0,0.11716701718973611,-0.11716701718973611,0.05858350859486806
Saša Lukić,2,0,0.09741376821859543,-0.09741376821859543,0.048706884109297716
Scott McKenna,3,0,0.29638165601838723,-0.29638165601838723,0.09879388533946241
Scott McTominay,7,1,0.7252261446502709,0.2747738553497291,0.1036037349500387
Sebastian Larsson,4,0,0.14301592183646075,-0.14301592183646075,0.03575398045911519
Sebastian Rudy,1,0,0.022217601500393223,-0.022217601500393223,0.022217601500393223
Sebastian Szymański,1,0,0.05626857339140078,-0.05626857339140078,0.05626857339140078
Sebastián Coates Nión,1,0,0.1583191504720695,-0.1583191504720695,0.1583191504720695
Selim Amallah,2,0,0.12266362950245863,-0.12266362950245863,0.06133181475122931
Semih Kılıçsoy,1,0,0.24441894565239905,-0.24441894565239905,0.24441894565239905
Seon-Min Moon,2,0,0.1747803148817136,-0.1747803148817136,0.0873901574408568
Serge Gnabry,16,1,1.3784968382738318,-0.37849683827383185,0.08615605239211449
Sergei Ignashevich,3,0,0.33433063902229193,-0.33433063902229193,0.11144354634076398
Sergej Milinković-Savić,11,1,0.5628371434720529,0.43716285652794706,0.051167013042913906
Sergino Dest,6,0,0.25461667018498163,-0.25461667018498163,0.04243611169749694
Sergio Busquets i Burgos,10,0,0.840987395976333,-0.840987395976333,0.0840987395976333
Sergio Leonel Agüero del Castillo,6,2,0.6809263457707146,1.3190736542292854,0.11348772429511911
Sergio Ramos García,3,0,0.13172384348989882,-0.13172384348989882,0.04390794782996627
Serhii Sydorchuk,2,0,0.12485766661411901,-0.12485766661411901,0.062428833307059506
Seung-Ho Paik,1,1,0.017073332982350264,0.9829266670176497,0.017073332982350264
Seung-Woo Lee,1,0,0.028437444469560532,-0.028437444469560532,0.028437444469560532
Shinji Kagawa,2,0,0.16975973136117273,-0.16975973136117273,0.08487986568058636
Shinji Okazaki,1,0,0.05339764902757542,-0.05339764902757542,0.05339764902757542
Shogo Taniguchi,2,0,0.20245412462259083,-0.20245412462259083,0.10122706231129541
Silvan Widmer,4,0,0.3228614186150087,-0.3228614186150087,0.08071535465375218
Simon Thorup Kjær,2,0,0.6815062909563089,-0.6815062909563089,0.34075314547815444
Sofiane Boufal,7,0,0.352770671657892,-0.352770671657892,0.05039581023684171
Sofyan Amrabat,1,0,0.014466939523602675,-0.014466939523602675,0.014466939523602675
Stanislav Lobotka,1,0,0.02005721856060148,-0.02005721856060148,0.02005721856060148
Stefan Lainer,3,1,0.4412447139936696,0.5587552860063304,0.1470815713312232
Stefan Posch,7,0,0.3382515660887594,-0.3382515660887594,0.0483216522983942
Stefan Ristovski,2,0,0.039926476551256404,-0.039926476551256404,0.019963238275628202
Stefan de Vrij,5,1,0.5917448992468345,0.4082551007531655,0.1183489798493669
Stephan Lichtsteiner,3,0,0.05768207792431517,-0.05768207792431517,0.019227359308105058
Stephen Antunes Eustáquio,3,0,0.18137876422819646,-0.18137876422819646,0.06045958807606549
Stephen O''Donnell,1,0,0.0475715627929973,-0.0475715627929973,0.0475715627929973
Steven Berghuis,5,0,0.17532623184258592,-0.17532623184258592,0.03506524636851718
Steven Bergwijn,3,0,0.35765970288915855,-0.35765970288915855,0.11921990096305285
Steven Zuber,12,1,1.1154496674070935,-0.1154496674070935,0.09295413895059113
Strahinja Pavlović,2,1,0.2457924264879321,0.7542075735120679,0.12289621324396605
Stuart Armstrong,2,0,0.06457521111421856,-0.06457521111421856,0.03228760555710928
Sultan Abdullah Salim Al Ghannam,2,0,0.24602547326745336,-0.24602547326745336,0.12301273663372668
Sung-Yeung Ki,3,0,0.05452946742960871,-0.05452946742960871,0.0181764891432029
Sverrir Ingi Ingason,3,0,0.1629480616597805,-0.1629480616597805,0.05431602055326017
Taha Yassine Khenissi,1,0,0.012074996419248559,-0.012074996419248559,0.012074996419248559
Tajon Buchanan,5,0,0.7178964498206832,-0.7178964498206832,0.14357928996413666
Takashi Inui,9,2,0.43353805770009335,1.5664619422999067,0.04817089530001037
Takashi Usami,3,0,0.13928809373501527,-0.13928809373501527,0.046429364578338427
Takuma Asano,8,1,0.5994761948817772,0.40052380511822283,0.07493452436022215
Takumi Minamino,2,0,0.10561963781272815,-0.10561963781272815,0.052809818906364075
Taras Stepanenko,3,0,0.14945844495686583,-0.14945844495686583,0.04981948165228861
Tarek Hamed,2,0,0.05293764111822597,-0.05293764111822597,0.026468820559112986
Tariq Lamptey,1,0,0.058980672460097534,-0.058980672460097534,0.058980672460097534
Taulant Sulejmanov,1,0,0.027173769667631378,-0.027173769667631378,0.027173769667631378
Teemu Pukki,4,0,0.14866787959417785,-0.14866787959417785,0.03716696989854446
Teun Koopmeiners,2,0,0.08143888112485745,-0.08143888112485745,0.040719440562428724
Theo Bernard François Hernández,9,1,0.882922099544677,0.11707790045532296,0.09810245550496412
Thiago Alcântara do Nascimento,3,0,0.1268268839585559,-0.1268268839585559,0.0422756279861853
Thiago Emiliano da Silva,8,1,1.102484067274195,-0.1024840672741949,0.13781050840927436
Thomas Delaney,11,1,0.6082113833583938,0.39178861664160625,0.05529194394167216
Thomas Lemar,1,0,0.025351352903151776,-0.025351352903151776,0.025351352903151776
Thomas Meunier,13,2,1.3003907028939383,0.6996092971060617,0.10003005406876449
Thomas Müller,13,0,1.307013331820279,-1.307013331820279,0.10053948706309838
Thomas Teye Partey,2,0,0.4317018843891715,-0.4317018843891715,0.21585094219458575
Thomas Vermaelen,1,0,0.15427452873216793,-0.15427452873216793,0.15427452873216793
Thorgan Hazard,7,2,0.7928350915027216,1.2071649084972784,0.11326215592896023
Tijjani Reijnders,10,0,0.45505512802882764,-0.45505512802882764,0.045505512802882765
Tim Cahill,2,0,0.19706043308857518,-0.19706043308857518,0.09853021654428759
Tim Ream,1,0,0.4224394671104202,-0.4224394671104202,0.4224394671104202
Timi Elšnik,3,0,0.17720903264046545,-0.17720903264046545,0.05906967754682182
Timo Werner,9,0,1.044717219107016,-1.044717219107016,0.11607969101189067
Timothy Weah,5,1,0.4698537366493766,0.5301462633506234,0.09397074732987531
Toby Alderweireld,7,0,0.35817293214284923,-0.35817293214284923,0.051167561734692744
Tom Rogić,5,0,0.25872195159855704,-0.25872195159855704,0.05174439031971141
Tomoaki Makino,2,0,0.27064117466940063,-0.27064117466940063,0.13532058733470032
Tomáš Chorý,1,0,0.502839572141126,-0.502839572141126,0.502839572141126
Tomáš Holeš,7,1,0.6127519088184449,0.3872480911815551,0.08753598697406355
Tomáš Kalas,1,0,0.05052970105001559,-0.05052970105001559,0.05052970105001559
Tomáš Pekhart,1,0,0.07509711198941281,-0.07509711198941281,0.07509711198941281
Tomáš Souček,13,1,1.07039410051271,-0.07039410051271,0.08233800773174692
Toni Kroos,19,1,0.8710582374635686,0.12894176253643141,0.0458451703928194
Trent Alexander-Arnold,3,0,0.10068699394041145,-0.10068699394041145,0.03356233131347048
Trent Sainsbury,3,0,0.23100673665369778,-0.23100673665369778,0.0770022455512326
Tyler Adams,1,0,0.019238670437008547,-0.019238670437008547,0.019238670437008547
Tymoteusz Puchacz,1,0,0.05422903969343816,-0.05422903969343816,0.05422903969343816
Ui-Jo Hwang,1,0,0.22622679195005868,-0.22622679195005868,0.22622679195005868
Vahid Amiri,2,0,0.08874287778193006,-0.08874287778193006,0.04437143889096503
Valentin Mihai Mihăilă,4,0,0.16814832433863272,-0.16814832433863272,0.04203708108465818
Valon Behrami,1,0,0.011688454460877696,-0.011688454460877696,0.011688454460877696
Veljko Birmančević,1,0,0.0155031176493255,-0.0155031176493255,0.0155031176493255
Victor Bernth Kristansen,1,0,0.01662252001770807,-0.01662252001770807,0.01662252001770807
Victor Moses,6,0,0.30334548829765806,-0.30334548829765806,0.05055758138294301
Viktor Claesson,8,1,1.0010529485546906,-0.0010529485546906248,0.12513161856933633
Viktor Fischer,1,0,0.024388204928601453,-0.024388204928601453,0.024388204928601453
Viktor Tsygankov,3,0,0.2774320271339815,-0.2774320271339815,0.09247734237799383
Vincent Janssen,2,0,0.03941478016111423,-0.03941478016111423,0.019707390080557115
Vincent Kompany,6,0,0.6768999412064445,-0.6768999412064445,0.11281665686774074
Vincent Paté Aboubakar,6,2,0.5661480812236966,1.4338519187763032,0.09435801353728278
Vincent Sierro,1,0,0.01736375121767101,-0.01736375121767101,0.01736375121767101
Vinícius José Paixão de Oliveira Júnior,9,1,0.9023416732155847,0.09765832678441533,0.10026018591284275
Virgil van Dijk,8,0,0.5465770743200684,-0.5465770743200684,0.06832213429000855
Visar Musliu,1,0,0.250913029521449,-0.250913029521449,0.250913029521449
Vitor Machado Ferreira,10,0,0.5276063123483208,-0.5276063123483208,0.05276063123483208
Vladimír Coufal,2,0,0.05191693171209566,-0.05191693171209566,0.02595846585604783
Vladimír Darida,2,0,0.08185503425237714,-0.08185503425237714,0.04092751712618857
Vladimír Weiss,1,0,0.051576241408969166,-0.051576241408969166,0.051576241408969166
Vlatko Stojanovski,1,0,0.03481791914110284,-0.03481791914110284,0.03481791914110284
Volodymyr Brazhko,2,0,0.031034503849855455,-0.031034503849855455,0.015517251924927727
Václav Černý,2,0,0.4405999544548087,-0.4405999544548087,0.22029997722740435
Víctor Yoshimar Yotún Flores,3,0,0.018147251161966534,-0.018147251161966534,0.006049083720655511
Wahbi Khazri,17,3,2.2507619548157,0.7492380451842999,0.13239776204798237
Walid Cheddira,2,0,0.30928021382986326,-0.30928021382986326,0.15464010691493163
Walker Zimmerman,1,0,0.035819334763844336,-0.035819334763844336,0.035819334763844336
Wataru Endo,6,0,0.15225508839989157,-0.15225508839989157,0.025375848066648596
Weston McKennie,5,0,0.5109028152227892,-0.5109028152227892,0.10218056304455785
Willi Orban,3,0,0.6637865930624379,-0.6637865930624379,0.22126219768747932
William Saliba,2,0,0.0888111554596335,-0.0888111554596335,0.04440557772981675
William Silva de Carvalho,2,0,0.07521616602936493,-0.07521616602936493,0.037608083014682464
William Troost-Ekong,2,0,0.06715648798319968,-0.06715648798319968,0.03357824399159984
Willian Borges da Silva,5,0,0.140434609948718,-0.140434609948718,0.0280869219897436
Woo-Yeong Jeong,1,0,0.016316896902323217,-0.016316896902323217,0.016316896902323217
Woo-Young Jung,3,0,0.05425242589759748,-0.05425242589759748,0.018084141965865826
Wout Weghorst,11,4,1.2095068552152752,2.7904931447847248,0.10995516865593412
Xaver Schlager,5,0,0.23775577236512518,-0.23775577236512518,0.047551154473025034
Xavi Simons,11,1,0.6301391835291679,0.36986081647083213,0.05728538032083344
Xherdan Shaqiri,27,6,1.8104469652299764,4.189553034770023,0.06705359130481393
Yahia Attiyat allah,2,0,0.22777187281088984,-0.22777187281088984,0.11388593640544492
Yannick Ferreira Carrasco,17,0,1.2056221975839496,-1.2056221975839496,0.07091895279905586
Yasir Gharsan Al Shahrani,5,0,0.21451285142391216,-0.21451285142391216,0.042902570284782435
Yassine Meriah,1,0,0.030706082138404284,-0.030706082138404284,0.030706082138404284
Yeltsin Ignacio Tejeda Valverde,2,1,0.46786485485237594,0.5321351451476241,0.23393242742618797
Yerry Fernando Mina González,3,3,0.7107057070211813,2.289294292978819,0.23690190234039377
Yong Lee,1,0,0.04003436282507538,-0.04003436282507538,0.04003436282507538
Yoshinori Muto,2,0,0.08046425159990153,-0.08046425159990153,0.040232125799950766
Young-Gwon Kim,3,2,1.3770548537476826,0.6229451462523174,0.45901828458256083
Younès Belhanda,6,0,0.5585328644384854,-0.5585328644384854,0.09308881073974756
Youri Tielemans,10,1,0.3069336164548639,0.693066383545136,0.03069336164548639
Youssef En-Nesyri,12,3,1.2543820787030275,1.7456179212969725,0.10453183989191896
Youssef Msakni,9,0,0.6386162678970682,-0.6386162678970682,0.07095736309967424
Youssouf Fofana,5,0,0.2612920065496805,-0.2612920065496805,0.0522584013099361
Youssouf Sabaly,4,0,0.182465190686552,-0.182465190686552,0.045616297671638
Yuki Soma,2,0,0.060290143686643496,-0.060290143686643496,0.030145071843321748
Yunus Dimoara Musah,3,0,0.12094824275189782,-0.12094824275189782,0.040316080917299275
Yuri Zhirkov,2,0,0.03367808532808986,-0.03367808532808986,0.01683904266404493
Yury Gazinskiy,2,1,0.14032097160747367,0.8596790283925263,0.07016048580373684
Yussuf Yurary Poulsen,9,3,1.684988565426471,1.315011434573529,0.1872209517140523
Yusuf Yazıcı,4,0,0.23062758560546254,-0.23062758560546254,0.057656896401365634
Yuto Nagatomo,2,0,0.13859082781703483,-0.13859082781703483,0.06929541390851741
Yūya Ōsako,7,1,1.0669550175292526,-0.06695501752925259,0.1524221453613218
Zakaria Aboukhlal,3,1,0.46732619862931246,0.5326738013706875,0.15577539954310415
Zuriko Davitashvili,2,0,0.1466933810321982,-0.1466933810321982,0.0733466905160991
Ádám Nagy,1,0,0.02870109227800085,-0.02870109227800085,0.02870109227800085
Ádám Szalai,5,1,0.22456486235508943,0.7754351376449106,0.04491297247101789
Álvaro Borja Morata Martín,39,7,5.161501943662505,1.838498056337495,0.13234620368365396
Ángel Fabián Di María Hernández,10,2,1.158549985886232,0.841450014113768,0.1158549985886232
Éder Gabriel Militão,5,0,0.2306916641775536,-0.2306916641775536,0.04613833283551072
Édison Michael Flores Peralta,5,0,0.3159869397397997,-0.3159869397397997,0.06319738794795994
Éver Maximiliano David Banega,3,0,0.06280135674969797,-0.06280135674969797,0.020933785583232657
Óscar Esau Duarte Gaitán,2,0,0.08078049514832633,-0.08078049514832633,0.040390247574163166
İbrahim Halil Dervişoğlu,1,0,0.025358254516915937,-0.025358254516915937,0.025358254516915937
İlkay Gündoğan,14,1,1.135163640854313,-0.1351636408543131,0.0810831172038795
İrfan Can Kahveci,2,1,0.06817429634385322,0.9318257036561468,0.03408714817192661
İsmail Yüksek,1,0,0.03225315995069346,-0.03225315995069346,0.03225315995069346
Łukasz Piszczek,1,0,0.09179905811420534,-0.09179905811420534,0.09179905811420534
Łukasz Teodorczyk,1,0,0.034125480756396404,-0.034125480756396404,0.034125480756396404
Šime Vrsaljko,5,0,0.1453850114112166,-0.1453850114112166,0.02907700228224332
Žan Celar,1,0,0.13733622183121494,-0.13733622183121494,0.13733622183121494
Žan Karničnik,3,1,0.3222843853103243,0.6777156146896757,0.10742812843677475
